--
-- PostgreSQL database dump
--

-- Dumped from database version 14.6
-- Dumped by pg_dump version 14.6

SET statement_timeout = 0;
SET lock_timeout = 0;
SET idle_in_transaction_session_timeout = 0;
SET client_encoding = 'UTF8';
SET standard_conforming_strings = on;
SELECT pg_catalog.set_config('search_path', '', false);
SET check_function_bodies = false;
SET xmloption = content;
SET client_min_messages = warning;
SET row_security = off;

SET default_tablespace = '';

SET default_table_access_method = heap;

--
-- Name: sentiment; Type: TABLE; Schema: public;
--

CREATE TABLE public.sentiment (
    se_symbol character varying(20) NOT NULL,
    se_tweet_id bigint NOT NULL,
    se_sentiment numeric(3,2),
    se_subjectivity numeric(3,2)
);


--
-- Name: stock; Type: TABLE; Schema: public;
--

CREATE TABLE public.stock (
    s_symbol character varying(20) NOT NULL,
    s_percent_change double precision,
    s_price double precision
);


--
-- Name: tweet_information; Type: TABLE; Schema: public;
--

CREATE TABLE public.tweet_information (
    ti_tweet_id bigint NOT NULL,
    ti_user_id bigint,
    ti_text character varying(1000),
    ti_unix_timestamp bigint,
    ti_s_symbol character varying(20)
);


--
-- Name: twitter_user; Type: TABLE; Schema: public;
--

CREATE TABLE public.twitter_user (
    tu_user_id bigint NOT NULL,
    tu_profile_image_url character varying(255),
    tu_username character varying(63),
    tu_display_name character varying(255)
);


--
-- Data for Name: sentiment; Type: TABLE DATA; Schema: public;
--

COPY public.sentiment (se_symbol, se_tweet_id, se_sentiment, se_subjectivity) FROM stdin;
AAPL	1599631835595943936	0.17	0.53
AAPL	1599632073496489985	0.10	0.50
AAPL	1599631979057909761	0.38	0.50
AAPL	1599632142891307008	0.22	0.60
AAPL	1599632215394377729	0.25	0.25
AAPL	1599631821502676993	0.00	0.00
AAPL	1599631740716601344	0.50	0.50
AAPL	1599631519705726977	0.50	0.80
AAPL	1599631678221455361	0.04	0.28
AAPL	1599631662895140864	0.47	0.53
AAPL	1599631595593351168	0.00	0.00
AAPL	1599631445177167873	0.50	0.50
AAPL	1599631200649256961	0.03	0.32
AAPL	1599631136824922112	0.29	0.69
AAPL	1599630900903677953	0.00	0.00
AAPL	1599631007518318592	0.07	0.35
AAPL	1599630925952069632	0.00	0.00
AAPL	1599630996517064704	0.50	0.35
AAPL	1599630823803695104	-0.01	0.21
AAPL	1599630650226925569	0.00	0.00
AAPL	1599630539665059841	0.80	0.65
AAPL	1599630461692628999	0.50	0.50
AAPL	1599630434136391680	0.00	0.00
AAPL	1599630401127215104	0.25	0.25
AAPL	1599630399411478529	0.50	0.50
AAPL	1599630314317701121	0.23	0.40
AAPL	1599630241693159427	0.02	0.38
AAPL	1599630182570070016	0.20	0.53
AAPL	1599630159262674944	0.21	0.64
AAPL	1599630035949789184	0.50	0.80
AAPL	1599629971215220738	0.25	0.25
AAPL	1599629934867099648	0.00	0.00
AAPL	1599629887312044032	0.20	0.30
AAPL	1599629855737274368	0.30	0.68
AAPL	1599629883797536771	0.25	1.00
AAPL	1599629812519215104	0.50	0.80
AAPL	1599629694135111680	0.20	0.43
AAPL	1599629599666601984	0.17	0.44
AAPL	1599635897489641477	0.00	0.00
AAPL	1599635834999017472	0.50	0.50
AAPL	1599635768292429824	0.23	0.49
AAPL	1599635695404208128	0.20	0.20
AAPL	1599635629662359553	0.30	0.14
AAPL	1599635555951968256	0.20	0.20
AAPL	1599635160559157253	0.47	0.53
AAPL	1599635391266852870	0.40	0.80
AAPL	1599635239730413570	1.00	0.30
AAPL	1599635119706615808	0.00	0.00
AAPL	1599635080380837888	0.55	0.30
AAPL	1599635014089482240	0.50	0.50
AAPL	1599635000483524608	0.00	0.00
AAPL	1599634715149217792	0.00	0.00
AAPL	1599634866835927042	0.00	0.00
AAPL	1599634710694543368	0.40	0.80
AAPL	1599634459363807232	0.00	0.00
AAPL	1599634376391729152	-0.26	0.17
AAPL	1599634152067776512	0.50	0.50
AAPL	1599633953287471104	0.25	0.25
AAPL	1599634066185211904	0.50	0.50
AAPL	1599633915890716672	0.31	0.39
AAPL	1599633848979312640	0.50	0.80
AAPL	1599633694439837696	0.08	0.49
AAPL	1599633626722840576	0.80	0.65
AAPL	1599633481839292416	0.50	0.35
AAPL	1599633375819489280	0.00	0.00
AAPL	1599633243841892353	0.40	0.65
AAPL	1599633087775707136	0.00	0.00
AAPL	1599633036366077953	0.00	0.00
AAPL	1599633010542129152	0.25	0.25
AAPL	1599632991734484992	0.35	0.50
AAPL	1599632851590258689	0.50	0.43
AAPL	1599632847723429889	0.01	0.45
AAPL	1599632699492536321	0.23	0.40
AAPL	1599632627262443523	0.63	0.83
AAPL	1599632519078744064	0.25	0.25
AAPL	1599632511273152513	0.00	0.00
AAPL	1599632511956844545	0.25	0.25
AAPL	1599632438065795072	0.04	0.26
AAPL	1599632372647231490	0.11	0.41
AAPL	1599632326685732865	-0.23	0.77
TSLA	1599635877185355776	-0.02	0.69
TSLA	1599635951445512193	0.13	0.37
TSLA	1599635874933018627	0.25	0.25
TSLA	1599635819811475456	-0.04	0.17
TSLA	1599635675917479936	0.53	0.67
TSLA	1599635643520671745	-0.04	0.36
TSLA	1599635638122610689	-0.04	0.36
TSLA	1599635632766464001	-0.04	0.36
TSLA	1599635627016097793	-0.04	0.36
TSLA	1599635621706092546	-0.04	0.36
TSLA	1599635586914349056	0.37	0.73
TSLA	1599635458513739777	0.04	0.46
TSLA	1599635157107212288	0.67	0.70
TSLA	1599635355879501825	0.51	0.65
TSLA	1599635439186370561	0.08	0.47
TSLA	1599635094402392064	0.00	0.00
TSLA	1599634939439259650	0.20	0.50
TSLA	1599634928450572289	0.55	0.75
TSLA	1599634660514230272	0.37	0.41
TSLA	1599634094484520961	0.03	0.45
GOOGL	1599635895086645248	0.06	0.41
TSLA	1599634545279520768	1.00	0.30
TSLA	1599634422323871745	0.63	0.90
TSLA	1599633854113148929	0.22	0.64
TSLA	1599633767920205824	0.60	1.00
TSLA	1599633698328305666	0.25	0.25
TSLA	1599633680653508609	0.60	1.00
TSLA	1599633612261183488	0.50	0.90
GME	1599632946952306688	0.25	0.25
GME	1599635996210909184	0.80	0.65
GME	1599632584254033920	0.00	0.00
GOOGL	1599634441089200128	-0.07	0.14
GOOGL	1599630689950789632	0.00	0.00
GOOGL	1599633210014851073	0.25	0.25
GOOGL	1599630414263746560	0.25	0.25
GOOGL	1599629121222418432	0.31	0.39
GOOGL	1599628399412400129	0.25	0.25
GOOGL	1599628126614859776	-0.04	0.10
GOOGL	1599628075859292161	0.00	0.00
GOOGL	1599627846557011968	0.25	0.25
GOOGL	1599626966876856320	0.00	0.00
GOOGL	1599626880948109312	0.20	0.73
GOOGL	1599625470118887424	0.20	0.73
GOOGL	1599625364128821248	0.16	0.34
GOOGL	1599624992408231936	0.00	0.00
GOOGL	1599624126402293760	0.25	0.25
GOOGL	1599622744832094208	0.31	0.39
GOOGL	1599622162641391616	0.32	0.48
GOOGL	1599622204991229953	0.00	0.00
GOOGL	1599621664248983552	0.16	0.38
GOOGL	1599621362775359488	0.25	0.25
GOOGL	1599621370127691777	0.07	0.38
GOOGL	1599621352700674049	0.25	0.25
GOOGL	1599620902257594369	0.00	0.00
GOOGL	1599620899518709760	0.00	0.00
GOOGL	1599620526292492289	0.10	0.40
GOOGL	1599620115959799808	0.00	0.00
GOOGL	1599620147077005313	0.50	0.65
GOOGL	1599619986854580225	0.00	0.00
GOOGL	1599619458318077952	0.00	1.00
GOOGL	1599618986458505217	0.27	0.65
GOOGL	1599618122595831809	0.00	0.00
GOOGL	1599617724912926722	0.00	0.00
GOOGL	1599617986486099968	0.50	0.50
GOOGL	1599617434981662720	0.00	0.07
GOOGL	1599617144417046529	0.00	0.00
GOOGL	1599617121909997568	0.33	0.50
GOOGL	1599617098279682049	0.00	1.00
GOOGL	1599617080050868225	0.00	0.00
GOOGL	1599613400161525760	0.00	0.10
GOOGL	1599614848463122433	0.31	0.39
GOOGL	1599612976566358016	0.10	0.40
GOOGL	1599612828670865408	0.50	0.63
GOOGL	1599612411539251201	0.25	0.25
GOOGL	1599612206789758976	0.00	0.00
GOOGL	1599610803342036992	0.50	0.65
GOOGL	1599611496723492866	0.27	0.65
GOOGL	1599610188004478979	0.00	0.00
GOOGL	1599610267373285376	0.50	0.50
GOOGL	1599609062077116417	0.00	0.00
GOOGL	1599608247908007936	0.21	0.50
GOOGL	1599607688182177793	0.00	0.00
GOOGL	1599607403733213184	-0.04	0.10
GOOGL	1599606854702637056	0.20	0.73
GOOGL	1599606402980388864	0.10	0.50
GOOGL	1599605992962289664	0.00	0.00
GOOGL	1599605621828947968	0.50	0.50
GOOGL	1599605186472726529	0.00	0.00
GME	1599635549752786944	0.00	0.00
GME	1599635584233791488	0.25	0.25
GME	1599635519176146946	-0.13	0.25
GME	1599634976701435904	0.25	0.40
GME	1599635468487827459	0.00	0.00
GME	1599634940726870017	0.00	0.67
GME	1599634893872705536	0.00	0.00
GME	1599634845143281665	0.00	0.00
GME	1599634863552073728	0.00	0.00
GME	1599634314769072128	-0.13	0.25
GME	1599634829376892928	0.10	0.28
GME	1599634306002927618	0.32	0.63
GME	1599634269055614977	-0.14	0.38
GME	1599634154357809152	0.00	0.00
GME	1599634120795357184	0.25	0.25
GME	1599633929543131137	-0.13	1.00
GME	1599633694704427008	0.03	0.15
GME	1599633521760677888	0.01	0.65
GME	1599633350960218112	0.00	0.00
GME	1599633161335422977	0.00	0.00
GME	1599633356442202113	0.25	0.25
GME	1599633073486061568	0.20	0.30
GME	1599632980213133313	0.25	0.25
GME	1599632933438230528	-0.80	1.00
GME	1599632922071674885	0.05	0.48
GME	1599632724834537472	0.00	0.13
GME	1599632343173828609	0.00	0.00
GME	1599632035769122817	0.00	0.00
GME	1599631969016745989	0.00	0.00
GME	1599631576773513218	0.14	0.27
GME	1599631244979232769	0.13	0.42
GME	1599630393128669184	0.00	0.00
GME	1599631077056090112	0.13	0.42
GME	1599630385373028352	0.80	0.65
GME	1599630316905189376	0.05	0.45
GME	1599630289457664000	-0.03	0.40
GME	1599630192158584832	0.25	0.25
GME	1599629973345554433	0.30	0.70
GME	1599629736417800193	0.00	0.00
GME	1599629595372027904	-0.04	0.10
GME	1599629526949982208	0.00	0.50
GME	1599629447082090496	0.33	0.58
GME	1599629444184150016	0.00	0.10
GME	1599628821455859713	0.30	0.20
GME	1599628807518171136	0.00	0.67
GME	1599628579289157632	1.00	0.30
GME	1599628488721387520	0.00	0.67
GME	1599628177801768961	0.33	1.00
FB	1599636546289737728	0.34	0.58
FB	1599636564262285312	0.16	0.54
FB	1599636565189619712	0.00	0.00
FB	1599636543882158080	-0.08	0.50
FB	1599636570906116097	0.83	0.73
FB	1599636533773946881	0.00	0.00
FB	1599636527516372992	0.09	0.37
FB	1599636516476977152	0.00	0.13
FB	1599636467722383365	0.00	0.00
FB	1599636487305187328	0.00	0.00
FB	1599636467692998658	0.54	0.70
FB	1599636455214628864	0.60	0.85
FB	1599636429097037826	0.00	0.00
FB	1599636359937163264	-0.20	0.30
FB	1599636394011676673	0.11	0.77
FB	1599636428304310272	0.33	0.43
FB	1599636347895304192	0.00	0.00
FB	1599636355449237504	0.00	0.00
FB	1599636343281266688	0.00	0.00
FB	1599636323530584066	0.20	0.50
FB	1599636333500059648	0.00	0.00
FB	1599636323253428224	0.00	0.00
FB	1599636294719897600	0.00	0.00
FB	1599636279754633217	0.00	0.00
FB	1599636267268210688	0.00	0.00
FB	1599636271370014722	0.00	0.10
FB	1599636262817652736	-1.00	1.00
FB	1599636241523175426	0.00	0.00
FB	1599636227086749696	1.00	1.00
FB	1599636224947650561	0.00	0.00
FB	1599636190319476738	0.00	0.00
FB	1599636205930713088	-0.50	0.50
FB	1599636184330014720	0.26	0.63
FB	1599636178739036161	0.20	0.20
FB	1599636177950494720	0.00	0.00
FB	1599636171629690881	-0.10	0.00
FB	1599636167510532096	0.00	0.00
FB	1599636153346293760	0.14	0.50
FB	1599636115576999936	0.00	0.00
FB	1599636115371089920	0.25	1.00
FB	1599636085717753856	0.00	0.00
FB	1599636076707995649	0.00	0.00
FB	1599636035742633985	0.00	0.00
FB	1599635978292953088	1.00	1.00
FB	1599635984672784384	0.05	0.23
FB	1599635962728185857	1.00	1.00
FB	1599635968646316032	0.15	0.70
FB	1599635959913775104	0.00	0.00
FB	1599635940317990912	0.38	0.42
FB	1599635911071133696	0.00	0.00
FB	1599635904678592512	0.00	0.00
FB	1599635867345514496	0.00	0.00
FB	1599635892427456513	0.03	0.12
FB	1599635857278844934	0.00	0.00
FB	1599635854624194562	0.00	0.00
FB	1599635818326335488	0.00	0.00
FB	1599635835112296448	0.00	0.00
FB	1599635802002427905	0.00	0.00
FB	1599635797900419073	0.00	0.00
FB	1599635778027417600	0.00	0.00
FB	1599635775095611394	-0.05	1.00
FB	1599635770306097153	0.20	0.20
FB	1599635764010442753	0.00	0.10
FB	1599635759098920960	0.00	0.00
FB	1599635747987857409	0.10	0.50
FB	1599635729461960704	0.00	0.00
FB	1599635703616241664	0.00	0.10
FB	1599635693537722369	0.00	0.00
FB	1599635668656717824	-0.75	1.00
FB	1599635647844691969	-0.08	0.14
FB	1599635635060772867	-0.08	0.33
FB	1599635632418013184	0.00	0.00
FB	1599635617742479360	-0.26	0.86
FB	1599635573752283137	0.20	0.50
FB	1599635590181314562	0.00	0.00
AMC	1599636699696738305	0.00	0.00
FB	1599635570338455553	0.00	0.00
FB	1599635568161619970	0.07	0.40
FB	1599635567381446656	0.00	0.00
FB	1599635555016245248	0.16	0.54
FB	1599635552617508865	0.75	1.00
FB	1599635535332401153	0.00	0.00
FB	1599635526088544256	0.05	0.50
AMC	1599636614321672192	0.25	0.25
AMC	1599636612132245504	1.00	0.45
AMC	1599636602887688192	-0.39	0.80
AMC	1599636570394726400	0.30	0.46
AMC	1599636510600736768	0.20	0.30
AMC	1599636498030415873	-0.22	0.64
AMC	1599636449300992001	0.00	0.00
AMC	1599636478954729472	0.35	0.43
AMC	1599636258812461057	0.50	0.90
AMC	1599636187299385344	0.00	0.00
AMC	1599636151710941184	0.00	0.00
AMC	1599636137085399041	0.14	0.45
FB	1599635490806038528	0.00	0.00
FB	1599635456299503616	0.00	0.00
FB	1599635490407186432	0.05	0.50
AMC	1599636083511554050	0.00	0.00
AMC	1599636066025160704	0.85	1.00
AMC	1599636060899721217	0.00	0.40
FB	1599635446438694912	0.20	0.20
AMC	1599636046526173184	0.25	0.25
AMC	1599635968977698816	0.00	0.00
AMC	1599635619600551936	0.14	0.50
AMC	1599635959686971393	0.00	0.13
AMC	1599635796436258816	0.00	0.00
AMC	1599635436036820992	0.50	0.90
AMC	1599635854678708224	0.00	0.00
AMC	1599635418513051648	0.13	0.65
AMC	1599635310337753089	0.00	0.00
AMC	1599635377349746688	0.00	0.00
AMC	1599635253525893120	0.00	0.00
AMC	1599635200069480450	0.25	0.25
AMC	1599635192230006784	-1.00	0.80
AMC	1599635144251703297	0.00	0.00
AMC	1599635138404823041	0.00	0.00
AMC	1599634913195532288	0.04	0.46
AMC	1599635103826604032	-0.05	0.25
AMC	1599634475750952960	0.00	0.00
AMC	1599634467437826048	0.00	0.00
AMZN	1599636908950585344	0.85	1.00
AMZN	1599636883344007168	0.22	0.67
AMZN	1599636836603023361	0.00	0.00
AMZN	1599636873609375744	0.85	1.00
AMZN	1599636780894285824	0.85	1.00
AMZN	1599636834698416128	0.25	0.25
AMZN	1599636779337977856	-0.17	0.43
AMZN	1599636776808632321	0.00	0.00
AMZN	1599636749759684608	0.80	0.75
AMZN	1599636691022745600	0.00	0.00
AMZN	1599636737093160960	0.11	0.35
AMZN	1599636727488184321	0.85	1.00
AMZN	1599636688569262080	0.25	0.95
AMZN	1599636686132350977	0.80	0.65
AMZN	1599636685242998784	0.00	0.00
AMZN	1599636675524976640	0.25	0.25
AMZN	1599636667400613888	0.00	0.30
AMZN	1599636681757294592	0.90	0.35
AMZN	1599636664808529920	0.26	0.67
AMZN	1599636624367026176	0.85	1.00
AMZN	1599636614741110784	0.00	0.00
AMZN	1599636592079298561	0.85	1.00
AMZN	1599636573502394368	0.00	0.27
AMZN	1599636592372879360	0.50	0.95
AMZN	1599636506037039104	0.00	0.10
AMZN	1599636496772116481	0.00	0.00
AMZN	1599636490870751232	0.85	1.00
AMZN	1599636433475510273	0.00	1.00
AMZN	1599636464421072896	0.00	0.10
AMZN	1599636455797960704	0.11	0.56
AMZN	1599636417961156608	0.85	1.00
AMZN	1599636390597124096	0.03	0.33
AMZN	1599636379159302144	0.11	0.32
AMZN	1599636366522187776	-0.10	0.80
AMZN	1599636349455405057	0.00	0.00
AMZN	1599636343570976768	0.25	0.25
AMZN	1599636385874726921	0.85	1.00
AMZN	1599636317695922176	0.00	0.00
AMZN	1599636291204923393	0.77	0.95
AMZN	1599636278290415616	0.20	0.36
AMZN	1599636281344286721	0.85	1.00
AMZN	1599636248028651520	0.15	1.00
AMZN	1599636229523492864	0.25	0.83
AMZN	1599636211139629056	0.00	0.00
AMZN	1599636186171072512	0.00	0.00
AMZN	1599636172472430592	0.00	0.00
AMC	1599634416661237761	0.47	0.75
AMC	1599634215523737600	-0.20	0.10
AMC	1599633893715763201	0.00	0.27
AMC	1599633469805850624	0.00	0.00
AMC	1599633775402823680	0.25	0.25
AMC	1599633169917280261	0.00	0.00
AMC	1599633107476676608	0.13	0.33
AMC	1599632940434006016	0.00	0.00
AMC	1599632893244211200	0.20	0.50
AMC	1599632869781303296	-0.13	0.38
AMC	1599632725031673856	0.00	0.00
AMC	1599632549621661697	0.25	0.25
AMC	1599632508370706434	0.00	0.00
AMC	1599632459192156160	0.17	0.50
AMC	1599632424232976384	0.25	0.25
AMC	1599632388111622144	0.00	0.00
AMC	1599632342821539840	0.00	0.00
AMC	1599632236948885504	0.00	0.00
AMC	1599632208977080321	0.25	1.00
AMC	1599632062277103616	0.00	0.00
AMC	1599632028743237632	0.14	0.31
AMC	1599632028525244416	0.00	0.00
AMC	1599631986834173954	0.00	0.00
AMC	1599631861785165824	-0.15	0.70
AMC	1599632881801826304	-0.35	0.83
MSFT	1599637128899489792	0.00	0.00
MSFT	1599636464215937025	0.25	0.25
MSFT	1599635497927966720	0.00	0.00
MSFT	1599635633081053185	0.25	0.25
MSFT	1599636905456345088	0.00	0.00
MSFT	1599634724661915648	0.00	0.43
MSFT	1599634692256501760	0.00	0.13
MSFT	1599634204090052608	0.08	0.44
MSFT	1599633256152170497	0.25	0.25
MSFT	1599633532472524800	0.50	0.50
MSFT	1599632879700840448	0.20	0.50
MSFT	1599633413928980480	0.00	0.00
MSFT	1599632345078063105	0.25	0.25
MSFT	1599630518294675456	0.79	0.70
MSFT	1599630205379039234	0.25	0.25
MSFT	1599631028720926720	0.00	0.00
MSFT	1599630177071267840	0.00	0.00
AAPL	1599637430016954368	0.50	0.80
AAPL	1599636648526237696	0.25	0.25
AAPL	1599636534722187264	0.25	0.25
AAPL	1599636984149860352	0.50	0.50
AAPL	1599637069437235200	0.25	0.25
AAPL	1599636046979170304	0.21	0.57
TSLA	1599637095559356416	0.25	0.25
TSLA	1599637574930161664	0.00	0.07
TSLA	1599637643637444608	0.00	0.00
TSLA	1599637356776390656	0.07	0.39
TSLA	1599636692511911938	0.25	0.25
TSLA	1599637199800221696	0.27	0.38
TSLA	1599636628716150784	0.00	1.00
TSLA	1599636556259610624	0.25	0.25
TSLA	1599636253569593344	0.18	0.53
TSLA	1599636344158191617	0.51	0.65
TSLA	1599636243692032000	0.55	0.75
TSLA	1599636155057983489	0.60	1.00
TSLA	1599636148690636800	0.00	0.85
TSLA	1599636140599873536	0.23	0.48
TSLA	1599636028268376064	0.27	0.43
NVDA	1599635963231469568	0.25	0.60
NVDA	1599635228884348928	0.00	0.00
NVDA	1599637778299437056	0.00	0.00
NVDA	1599636629773508609	0.25	0.25
NVDA	1599636623289090049	0.25	0.25
NVDA	1599637896675627013	0.00	0.50
NVDA	1599633989157154816	1.00	0.30
NVDA	1599633709996511232	0.03	0.32
NVDA	1599633145514823680	0.00	0.00
NVDA	1599633322073653253	0.40	0.41
NVDA	1599632862281859073	0.20	0.50
NVDA	1599633103072264194	0.25	0.25
NVDA	1599632508714471424	0.27	0.48
NVDA	1599632297904349184	1.00	0.30
NVDA	1599631307814100992	0.44	0.34
NVDA	1599632225502257153	0.40	0.41
NFLX	1599638048110653440	0.80	0.65
NFLX	1599633840141918209	0.00	0.00
NFLX	1599637818220761089	0.00	0.07
NFLX	1599632238530134016	0.00	0.00
NFLX	1599635923402387456	0.00	0.00
NFLX	1599632116513284096	0.50	0.50
NFLX	1599631455340359680	0.00	0.00
NFLX	1599631298318192641	0.11	0.34
\.


--
-- Data for Name: stock; Type: TABLE DATA; Schema: public;
--

COPY public.stock (s_symbol, s_percent_change, s_price) FROM stdin;
AAPL	0	0
TSLA	0	0
GOOGL	0	0
GME	0	0
FB	0	0
AMC	0	0
AMZN	0	0
MSFT	0	0
NVDA	0	0
NFLX	0	0
\.


--
-- Data for Name: tweet_information; Type: TABLE DATA; Schema: public;
--

COPY public.tweet_information (ti_tweet_id, ti_user_id, ti_text, ti_unix_timestamp, ti_s_symbol) FROM stdin;
1599632215394377729	1538914723613138945	$aapl Top analyst price target for next week...\nhttps://t.co/dgqGVgAvKv	1670217014000	AAPL
1599632142891307008	1599483927240269825	Live Day-Trading room, Free access this room and get live alerts. Check out now..https://t.co/b11R5bknyw\n\n$SUNW $JE $POLA $AAPL $SQQQ $TSLA $NIO $VALE $NKLA $SLV $GE $OEG $SUNW $PECK $POLA $RDIB $NETE $OMI $KLDO $LOGC $SSP $APOP $SCON $EXAS $MCHX $IPWR $FLUX https://t.co/VIHQhTGZMd	1670216997000	AAPL
1599632073496489985	1576897587935944704	Daily chart bearish swing flagged for $AAPL on 12-02-2022 calculated after market close with unusual options flow. #bearishswing #AAPL #unusualoptionsflow #stockmarket #stocks #investing #trading https://t.co/WtghTcTpa6	1670216980000	AAPL
1599631979057909761	2905415430	“Most winning trading community, Get next winning alerts here:https://t.co/b11R5b3kww\n\n$SPY $QQQ $AMZN $NVDA $BA $TSLA $BABA $AMD $AAPL $NFLX $TWTR $AAL $NIO $INO $OXY $CCL $FB $USO $DAL $TWLO $UGAZ $DIS $ROKU $TVIX $CRON $DJIA $SPX $TLRY $SQ $MSFT $GLD $BYND $SRNE $SPCE https://t.co/YEKmtmxbDh	1670216958000	AAPL
1599631835595943936	903825144161775617	@amasad Semiconductor stocks like TSM, NVidia, ASML, INTC, AMD, companies with track records of bespoke ML hardware like GOOG, AAPL, (TSLA maybe, especially at lower PE), and then companies with big AI teams like META and MSFT. Might also throw in IBM, more for quantum than anything.	1670216923000	AAPL
1599631821502676993	1545303540125802499	$AAPL Trade idea💡\nhttps://t.co/b11R5bknyw\n\n$AMC $SPY $GME $QQQ $MU $MSFT $AMD $PTON $AMZN $CRM $XLF $XLE $TSLA $AAL https://t.co/RBrPHRjy23	1670216920000	AAPL
1599631740716601344	1278869471436828673	Most Profitable trading community \nJoin our discord group \nhttps://t.co/b11R5b3kww\n\n$SPY $TSLA $NIO $EYES $QQQ $UVXY $ES  $FB $BA $GME $NVDA $AAPL $SOL  $AMZN $ORCL $PM $PT $S $SQ $MRO $F https://t.co/oIstgPTLZv	1670216901000	AAPL
1599631678221455361	1552927108460351488	🔥🔥 Automated Hourly $AAPL 🍎 Sentiment Report (📈 / 📉) 🔥🔥\n1. Product Series Reviews:\n#iPhones 32/71\n#Mac #Macbook 53/100\n#iPad 68/63\n#AppleWatch 58/97\n#MacOS #iOS 47/22\nGeneral #Apple Products 65/97\n2. Company News: 89/100\n3. Social Media: 60/17\n12/05/2022 05:08 UTC	1670216886000	AAPL
1599631662895140864	322410783	Best trade I made in a long time. Easy play on $AMZN \nhttps://t.co/b11R5bknyw\n\n$FB $LOVE $WORK $AAPL $AMD $MNTA $GLD $TWR $SLV $XOM  $WMT $CCL $HD $TSLA $XLE $SPY $IWM $ES $WPX $BA $SPG $MCD $MFA $HTZ $AAL $CHWY $QQQ $C $ES $AMC https://t.co/AWRG4aq9ln	1670216882000	AAPL
1599631595593351168	1529809120152342528	$TSLA caught by our analyst in premarket. \n\nhttps://t.co/b11R5bknyw\n\n$AMD $AAPL $SQ $AMZN \n$EA $SEDG $MA $V $KO $PYPL $RCL $GOOG $NKLA $DKNG $HD $ROKU $NFLX $FB  $GLD $VXX $MSFT https://t.co/q80cvvYsKT	1670216866000	AAPL
1599631519705726977	1591253878049161218	STOCK, OPTIONS updates, alerts Free chatroom \nhttps://t.co/b11R5bknyw\nDon't forget to take a trial!\n\n$SPY $BABA $DVAX $ACB $OSTK $TRIL $LK $CODX $SAVE $GSX $INO $KSS $PENN $NVAX $NIO $AAL $NKLA $MSFT $AAPL $AMZN $TSLA $CCL $BILI $CVNA $DAL $TWTR https://t.co/qq5Uw6p5wA	1670216848000	AAPL
1599631445177167873	1554423958761607168	**Most profitable trading community. Get up to 574% profits\nhttps://t.co/b11R5bknyw\n\n$SPY $QQQ $AMZN $NVDA $BA $TSLA $BABA $AMD $AAPL $NFLX $TWTR $AAL $NIO $INO $OXY $CCL $FB $USO $DAL $TWLO $UGAZ $DIS $ROKU $TVIX $CRON $DJIA $SPX $TLRY $SQ $MSFT $GLD $SRNE https://t.co/57SzhW2tDS	1670216830000	AAPL
1599631200649256961	1134049078424162304	$AAPL near ATM options analytics \n\nExpiry Date: 09 December 2022\n\nLast Traded Price: $147.81\n\nATM Call-Put Ratio: 0.39 \n\n$150.0 strike received highest open interest with a call-put ratio of 4.54 \n\n#options $SPY \n\nCheck out our tool at: \nhttps://t.co/LAvUlvRUG9 https://t.co/ebuXzjrYSx	1670216772000	AAPL
1599631136824922112	1963570194	$SPY 1hr getting ready to break the downtrend or to make another significant move down.https://t.co/b11R5b3kww\n\n$SPX $QQQ $AAPL $AMZN $FB $NFLX $AAL https://t.co/8ZjJ6IXHmO	1670216757000	AAPL
1599631007518318592	2802327531	Kuo: mass shipments of Apple's AR/VR headset may be delayed until H2 2023, from previously estimated Q2 2023, due to "software-related issues" (Joe Rossignol/MacRumors)\nhttps://t.co/nr0xE5m7rH\nMore news about $AAPL on #TickerTick https://t.co/m62JCDqjuV	1670216726000	AAPL
1599630996517064704	1332201268027285504	Best trading community, Get next winning alerts here:https://t.co/b11R5b3kww\n\n$MLHR $GE $PENN $LCA $SRNE   $SQQQ $KODK $IDEX $AMZN $IBIO $MRNA $BYND $WKHS $VXRT $GEVO $MVIS $FMCI $BA $F $HTBX  $AYTU $AAL $INO $AAPL $SPY $FDX $UVXY $DKNG $BA $TSLA $WMT $FSLY $NFLX $SBUX $IMMU https://t.co/CfuA9jwrdv	1670216723000	AAPL
1599630925952069632	1155557820395327488	The POWER of DCA (Dollar Cost Averaging) !!\nhttps://t.co/b11R5b3kww\n\n$LCID $AMZN $MSFT $HCMC $AAPL $SPY $TSLA $FB $GOOG $BABA $SQ $NFLX $NVDA $BTC $SHOP $AMC $GME https://t.co/t4YNW5NlIz	1670216707000	AAPL
1599630900903677953	1119063948689596417	$AAPL  ALL THESE LEVELS POSTED AHEAD OF TIME BEFORE THE MARKET OPENED ➟. .. \nhttps://t.co/hxdWduRiFw	1670216701000	AAPL
1599630823803695104	1354599142392295433	Wonder how the share price responds to new data about iPhone production volume double the previous reported decline. $AAPL https://t.co/gQCNIQIEh2	1670216682000	AAPL
1599630650226925569	1349640174	$AAPL Real-time stock analyst ratings and target your prices:- https://t.co/LwmGehfB3F	1670216641000	AAPL
1599630539665059841	846070511620673536	Best discord group over 80k members and even have their own app join here \n\nhttps://t.co/b11R5b3kww\n\n$TSLA $NVDA $BABA $ZM $TLRY $ABNB $PYPL $EDIT $AMZN $GME $BIDU $FUBO $NFLX $BA $SPY $QQQ $UVXY $AAPL $AVGO $SNDL $FB $FSLY $OSTK $NNOX $PLTR $PTON https://t.co/Nr0Eef8gtR	1670216615000	AAPL
1599630461692628999	1486994027979620353	Join the most profits trading alerts chatroom&gt;https://t.co/b11R5bknyw\n\n$SPY $QQQ $NDX $DIA $IWM $NFLX $FB $INTC $SMH $AAPL $NVDA $TSLA $ES $YM $AMZN $BA $GS $JPM https://t.co/Cu7wZXBgeL	1670216596000	AAPL
1599630434136391680	1250317271869734912	$aapl  ALL THESE LEVELS POSTED AHEAD OF TIME BEFORE THE MARKET OPENED ➟. .. \nhttps://t.co/hxdWduRiFw	1670216589000	AAPL
1599630401127215104	1599350199805444096	$BTC  $LUNC $AAPL   Top analyst price target for next week. https://t.co/yIQDOC9NOn	1670216581000	AAPL
1599630399411478529	612135517	Twitter's top mentioned tickers of the hour:\n$AMZN\n$COIN\n$AMC\n$AAPL\n$GM\n$META\n$PATH\n$BA\n$TSLA\n$AMD\n\nhttps://t.co/fSeLzH8x3V	1670216581000	AAPL
1599630314317701121	893305069059403776	I've  made 36k  with them . If you really want to make a huge profit on trading .... Choose this professional chat:https://t.co/b11R5b3kww\n\n$TSLA $NKLA $ROKU $AAPL $JPM $AMZN $MSFT $ZM $FB $NVDA $DAL $AMD $RMTI $SLV $HSBC $BAC $CLSK $ILMN $QQQ $BA $UAL $AAL $TQQQ $MVIS $GOOG https://t.co/yVmxSgz1Y7	1670216561000	AAPL
1599630241693159427	1554447222485716994	UPDATE 2-Foxconn sees COVID-hit China plant back at full output in late Dec-early Jan -source $AAPL https://t.co/85oa2QnPSQ	1670216543000	AAPL
1599630182570070016	1527866588950855680	#General\n#Technology \n#Neutral\n$AAPL $HNHPF \n2022/12/05 13:36\nApple Supplier Reportedly Sees Full Production Comeback At COVID-Hit C...\nhttps://t.co/9q5JMslwSU	1670216529000	AAPL
1599630159262674944	1597397267333664768	$ELOX $EVLV $IFMK $BIOSW $LIONW $NDACW $FPAC $TSLA $SPY $AAPL $GME $AMC - Get the Alert before the Move Automate, Sleep &amp; Earn with DRAT Smart Trader. Plan your trade.\nhttps://t.co/yfMiXhVZqC\n#dowstrademus #trading #stocks #option #options #DraTalerts #smarttrader https://t.co/sDJIlySwfZ	1670216524000	AAPL
1599634066185211904	1576897587935944704	Most Profitable trading community \nJoin our discord group \nhttps://t.co/2RStBmIsMA\n\n$SPY $TSLA $NIO $EYES $QQQ $UVXY $ES  $FB $BA $GME $NVDA $AAPL $SOL  $AMZN $ORCL $PM $PT $S $SQ $MRO $F https://t.co/zgtuCe1noU	1670217455000	AAPL
1599630035949789184	1585453594962165762	STOCK, OPTIONS updates, alerts Free chatroom\nDon't forget to take a trial! \nhttps://t.co/b11R5bknyw\n\n$SPY $BABA $DVAX $ACB $OSTK $TRIL $LK $CODX $SAVE $GSX $INO $KSS $PENN $NVAX $NIO $AAL $NKLA $MSFT $AAPL $AMZN $TSLA $CCL $BILI $CVNA $DAL $TWTR https://t.co/v9mBLLjTUv	1670216494000	AAPL
1599629971215220738	1446517487676399626	$AAPL Top analyst price target for next week \nhttps://t.co/hxdWduRiFw	1670216479000	AAPL
1599629934867099648	2222635612	@michaeljburry Invest Like #MichaelBurry Using His Strategy  \n\nhttps://t.co/TdWryxrxH3 \n\n#investing #valueinvesting #investingstrategy #howtobuystocks #stockmarket #stocks #thebigshort $SPY $QQQ $DIA $GOOGL $AAPL $META $MSFT $PYPL $TSLA $AARK $INTC $XOM $BRK.B #WarrenBuffett #investors	1670216470000	AAPL
1599629887312044032	1345842729830461442	80k+ members\nDo join=&gt;https://t.co/b11R5bknyw\n one of the largest stocks and options trading communities with real traders providing analysis.\n\n$NVDA $TSLA $NDX $SPY $AAPL $BABA $NFLX $ROKU $BA $COST $MCD $WMT $FB $VIX $ES https://t.co/VkeCi2dDsL	1670216459000	AAPL
1599629883797536771	1587281330555228166	@MarketWatch I’d say it worked pretty well for Steve Jobs and $AAPL	1670216458000	AAPL
1599629855737274368	1580899832599920640	Apple Inc. (AAPL) surprised the market with Q4 result. Merrill Lynch changed the rating to Buy, as Apple Inc. (AAPL) has great fundamentals and its currently trading at a PE of 0.97 with a PEG of 0.48.	1670216451000	AAPL
1599629812519215104	1261088931103141888	STOCK, OPTIONS updates, alerts Free chatroom\nDon't forget to take a trial! \nhttps://t.co/b11R5bknyw\n\n$SPY $BABA $DVAX $ACB $OSTK $TRIL $LK $CODX $NKLA $MSFT $AAPL $AMZN $TSLA $CCL $BILI $CVNA $DAL $TWTR https://t.co/1lIjrAyKoZ	1670216441000	AAPL
1599629694135111680	1538705543253987329	⚠️ 𝘈𝘭𝘭 𝘚𝘵𝘰𝘤𝘬𝘴:\n\n1. $SPY 🥇\n2. $QQQ 🥈\n3. $TOPS 🥉\n4. $SPX\n5. $ES_F\n6. $AAPL\n7. $KWEB\n8. $AEHR\n9. $FDX\n10. $TSLA\n\nFree Telegram:\nhttps://t.co/SC95r38gPz\n\n#fintwit #wallstreetbets #stocks\n\n( Sorted by last hour ) https://t.co/uxFmwu4Mf9	1670216413000	AAPL
1599629599666601984	1570106924716421121	Live day trading, detailed analysis on stocks with entry, exit, stop losses, price targets,mentoring and live news\n\nhttps://t.co/b11R5bknyw\n\n$BIDU $SAVE $WORK $T $AAPL $C $MSFT $SPY $FB $CHWY $PTON $DIS $F $ADBE $CSCO $MGM $XOM $AMD $ZI $Z $BA $DOW $NET $PROP $OSTK  $QCOM $ADM https://t.co/QnE4QAiYyl	1670216390000	AAPL
1599635897489641477	1579680045421019150	$TSLA  $AMD  $AAPL $AMZN \nLook for strength in TSLA AMZN, see if AMD follows. If AMD hoping in with puts to 73$\n\nAmzn we can see upside if it holds this 94 level. https://t.co/iTHdVx9hEi	1670217892000	AAPL
1599635834999017472	1599496786401443840	Discord- $NFLX  a better, more executive trading chat room ❤❤❤❤ https://t.co/2RStBn0C0I\nWill teach and coach you analysis\n$TSLA \n$SPY $UAVS $CETX $DGLY $VTIQ $INPX $DPW $NTEC $CGC $AKRX $MARK $APRN $DKNG $OCGN $TOPS $XSPA $WISA $DKNG $QQQ  $AMAZ $AAPL $ER $M https://t.co/5mpbNSp5aI	1670217877000	AAPL
1599635768292429824	1530044384091074561	Highest success rate and get instant help and updates and free trials join us \nhttps://t.co/2RStBmIsMA\n\n$VST, $TSLA, $IRNT, $AAPL, $BBIG, $CSTM, $ASO, $BABA, $VZ, $AMD, $FB, $GILD, $VXX, $BIDU, $TGT, $FCX, $C, $APLS, $WWD, $MRO, $ATVI, $MSFT, $LEN, $SNAP, $T, $AMC, $DAL https://t.co/oy7fU9Xfw1	1670217861000	AAPL
1599635695404208128	1261864793981452288	$SPY $QQQ $DIS $TSLA $SHOP\n$AMD $AAPL $SQ $AMZN \n$EA $SEDG $MA $V $KO $PYPL $RCL $GOOG $NKLA $DKNG $HD $ROKU $NFLX $FB  $GILD $VXX $MSFT\n\nThanks to the discord group for the traders 🙏https://t.co/2RStBn0C0I https://t.co/YY3ZNpHjjB	1670217844000	AAPL
1599635629662359553	2931789174	*Make as much as you want, i've made 35K+ last week. Best room on the net  \nhttps://t.co/2RStBmIsMA\n\n$AAPL $TSLA $GEVO $QQQ $MSFT $AMD $UAL $PLUG $INO $PTON $CSCO $INTC $NVDA $SQQQ $TQQQ $SPCE $AZN $FMCI $AAL $BA $NKLA $LULU $TIF $TRIL $ITCI $NNOX $AEO $INSG $NLS $WKHS $WORK https://t.co/WViA3khtFB	1670217828000	AAPL
1599635555951968256	1332192259966599171	ALWAYS zoom out the chart to see what’s really going on. \nhttps://t.co/2RStBn0C0I\n\n$LCID $AMZN $MSFT $HCMC $AAPL $SPY $TSLA $FB $GOOG $BABA $SQ $NFLX $NVDA $BTC $SHOP $AMC $GME https://t.co/AhvtdfBpsL	1670217810000	AAPL
1599635391266852870	1555401244067643392	Look like legit traders include this chat and making profits. FREE Check out now...https://t.co/2RStBn0C0I\n\n$SPY $TVIX $NVAX $UVXY $WFC $GSK $MMM $TOT $AMD $BUD $FIS $NOW $HDB $C $RTX $UN $SPGI $BA $TD $BLK $INTU $BTI $MDLZ $CAT $BHP \n$SUNW $AAPL $SQQQ $POLA $TSLA $NKLA $NETE https://t.co/8ztVaV3VgN	1670217771000	AAPL
1599635239730413570	1574492179799605249	$EBAY Trade Idea\n Best entry was today. Will look for an entry tomorrow. \nhttps://t.co/2RStBmIsMA\n\nWatchlist: $PLTR $PTON $CRWD $AMZN $TSLA $EBAY $FUBO $PLUG $SPY $UVXY $NVDA $EDIT $AAPL $PLAN https://t.co/FM6U6fOvhP	1670217735000	AAPL
1599635160559157253	1599401784593694723	Best trade I made in a long time. Easy play on $AMZN \nhttps://t.co/2RStBn0C0I\n\n$FB $LOVE $WORK $AAPL $AMD $MNTA $GLD $TWR $SLV $XOM  $WMT $CCL $HD $TSLA $XLE $SPY $IWM $ES $WPX $BA $SPG $MCD $MFA $HTZ $AAL $CHWY $QQQ $C $ES $AMC https://t.co/JGvSrLrlTK	1670217716000	AAPL
1599635119706615808	1599040261899931648	$AAPL Real-time stock analyst ratings and target your prices:- https://t.co/KvXpj5E8Mg	1670217706000	AAPL
1599635080380837888	1599038631926177792	⭐⭐⭐ Alert Statistics\nhttps://t.co/2RStBn0C0I\n🔶 26 Wins - 4 Losses\n🔶 86.67% Win Rate\n🔶 Monthly Earnings:616.58%\n\n$GME $PLTR $BABA $NIO $BLNK \n$SPY $TSLA $SHOP $NVDA $ROKU $EBAY $AMD $BB $DAL $QQQ $ZNGA $AAPL $ESE $SPCE $FCEL $BYND $MRNA $PENN $GMBL $CRM $BA https://t.co/5BsYGbZXxR	1670217697000	AAPL
1599635014089482240	1529101091782414337	$SPY $QQQ $NDX $DIA $IWM $NFLX $FB $INTC $SMH $AAPL $NVDA $TSLA $ES $YM $AMZN $BA $GS $JPM $IBM $LRCX $C $GOOG \nStay at home safe and earn money at home by trading marketplace safe.\nClick here:https://t.co/2RStBmIsMA https://t.co/920jm6oiAH	1670217681000	AAPL
1599635000483524608	1550842229467451392	@AndrewHiesinger i speculate its the oracle of Omaha and his $BRK company here is my momentum analysis report card for $AAPL https://t.co/iRFQ75HTNY	1670217678000	AAPL
1599634866835927042	1599032976926539779	Join our Alerts &amp; Options\n\nhttps://t.co/2RStBmIsMA\n\n$SPY $NFLX $M $DIS $OPGN $IBIO $EPAZ $NIO $NKLA $AAPL $MARK $MRNA $USO $MRO $GE $AMD $MSFT $TSLA https://t.co/ROGKC6arfi	1670217646000	AAPL
1599634715149217792	1599032760802443264	I am using #老虎证券. Check out #Apple (AAPL). Price 147.50.https://t.co/H39KM6KzoF https://t.co/exAmVqOIe8	1670217610000	AAPL
1599634710694543368	1599031194296926209	ALERTS AND UPDATES AND FREE TRIALS JOIN HERE \n\nhttps://t.co/2RStBmIsMA\n\n$TSLA $SPY $BA $GME $WMT $BBY $QQQ $TD $S $NIO $D $AMC $RKT $ITM $DIS $GM $SHOP $RIOT $TGT $F $ORCL $PLTR $WB $GOOG $AAPL https://t.co/jkbhV89Wn2	1670217609000	AAPL
1599634459363807232	1599401990886490113	$AAPL - Apple Is Looking to Move Production Out of China, Report Says https://t.co/fGsbVwqHVs	1670217549000	AAPL
1599634376391729152	1538914723613138945	1000% almost half a mile here. You in our discord? We've been on fire!! \nhttps://t.co/2RStBmIsMA\n\n$AAPL $AMZN $FB $NFLX $BABA $BIDU $BA $TWTR $PINS $TLRY $HEXO $ACB $FDX $DKNG $DDD $LRCX $NVDA $AMD https://t.co/fq7hCkmvmm	1670217529000	AAPL
1599634152067776512	1599483927240269825	**Most profitable trading community. Get up to 574% profits\nhttps://t.co/2RStBmIsMA\n\n$SPY $QQQ $AMZN $NVDA $BA $TSLA $BABA $AMD $AAPL $NFLX $TWTR $AAL $NIO $INO $OXY $CCL $FB $USO $DAL $TWLO $UGAZ $DIS $ROKU $TVIX $CRON $DJIA $SPX $TLRY $SQ $MSFT $GLD $SRNE https://t.co/xhfRSVGYuZ	1670217476000	AAPL
1599633953287471104	2905415430	$aapl Top analyst price target for next  week:~ \n https://t.co/mGPolzECfO	1670217428000	AAPL
1599633915890716672	903825144161775617	Most winning trading chat!!! For a limited time, we are opening our trading chatroom to the public! \nhttps://t.co/2RStBmIsMA\n\n$YANG $BMA $CYD $BBQ $CRK $CLPR $UNFI $GGAL $GS $LIVE $EXPI $ELP $ARCO $EGRX $ORA $NVTA $AMWL $VGR $CFB $AAPL $MSFT $AMZN $GOOG $GOOGL $BABA $FB https://t.co/XfDhZSADcd	1670217419000	AAPL
1599633848979312640	1545303540125802499	STOCK, OPTIONS updates, alerts Free chatroom\nDon't forget to take a trial! \nhttps://t.co/2RStBn0C0I\n\n$SPY $BABA $DVAX $ACB $OSTK $TRIL $LK $CODX $NKLA $MSFT $AAPL $AMZN $TSLA $CCL $BILI $CVNA $DAL $TWTR https://t.co/SqRzx6qRof	1670217404000	AAPL
1599633694439837696	1278869471436828673	$QCOM\n#WINNER\nhttps://t.co/2RStBmIsMA\nAnother early long entry on this one from our levels. Price flew past our target. #satisfied \n\n$SPY $NDX $IWM $QQQ $BTC $ETH $AAPL $TSLA $AMC $ROKU $AFRM $MRNA $NURO $AMD $NVDA $NFLX $PLTR $UPST $SNAP https://t.co/N8Fi4nGp0O	1670217367000	AAPL
1599633626722840576	1552927108460351488	Best discord group over 80k members and even have their own app join here \nhttps://t.co/2RStBmIsMA\n\n$AYRO $VICI $LB $GPK $RCL $YNDX $CCL $PSTH $UBER $MAR $AAPL $NNDM $OPTT $TELL $SUNW $OEG $POLA \n#cryptomarkets #stocks #options #Forex.. https://t.co/ATUdoVRMSm	1670217351000	AAPL
1599633481839292416	322410783	Best trading community, Get next winning alerts here:https://t.co/2RStBn0C0I\n\n$MLHR $GE $PENN $LCA $SRNE   $SQQQ $KODK $IDEX $AMZN $IBIO $MRNA $BYND $WKHS $VXRT $GEVO $MVIS $FMCI $BA $F $HTBX  $AYTU $AAL $INO $AAPL $SPY $FDX $UVXY $DKNG $BA $TSLA $WMT $FSLY $NFLX $SBUX $IMMU https://t.co/nI7rs1XS2U	1670217316000	AAPL
1599633375819489280	1529809120152342528	Markets be like\n\n#SPAQ #EVFM #AVGR #TSLA #AAPL #KTOV #LCA #IDEX https://t.co/ko5ydwb6Kc	1670217291000	AAPL
1599633243841892353	1591253878049161218	$TSLA $NIO $SPY $MDRR $FSLY $NOVN $AAPL $PT $ROKU $SOLO $WKHS $AMD $FB $NFLX $BABA $AKBA $AMZN $KXIN $CEI $ZM \n\nIf you want to make real gains and make your own plays Today\n\n  🚨\n\n✅Stocks \n✅Options \n✅Day trading \n✅Swing TradinG\n\n📚 Learn &amp;Earn\nhttps://t.co/2RStBn0C0I https://t.co/Tj4dy3wwxH	1670217259000	AAPL
1599633087775707136	1554423958761607168	$AAPL Trade idea💡\nhttps://t.co/2RStBmIsMA\n\n$AMC $SPY $GME $QQQ $MU $MSFT $AMD $PTON $AMZN $CRM $XLF $XLE $TSLA $AAL https://t.co/6mm09wKnhb	1670217222000	AAPL
1599633036366077953	1134049078424162304	$AAPL Real-time stock analyst ratings and target your prices:- https://t.co/Wa6iUJpzTp	1670217210000	AAPL
1599633010542129152	1963570194	$AAPL Top analyst price target for next week📈📉..🚀\nhttps://t.co/W3URKdXDjR	1670217204000	AAPL
1599632991734484992	2802327531	#AAPL  chart doesn't look good.\nCurrent price :$147.81\nTarget: $125 area https://t.co/wM52lW85g1	1670217199000	AAPL
1599632851590258689	1332201268027285504	Another great week! I made over 66k, A big thank you to this community https://t.co/2RStBmIsMA\n\n$POLA $AAPL $NETE $TSLA $OEG $SPI $AAL $QQQ $ADXS $CBAT $AMD $SRNE $MSFT $VXRT $WKHS $SUNW $SPAQ $LCA $SBE $RAD $NETE $NKLA $SPY $GRAF $SHLL $PLUG $COST  $PENN $CODX $SSP $JBL $DRI https://t.co/CQ6GY2hdd9	1670217166000	AAPL
1599632847723429889	1155557820395327488	#AAPL has found it hard to navate India because each state is run differently and regional govts saddle the co with oblations before letting it build products there.\n“India is the Wild West in terms of consistent rules and getting stuff in and out,” https://t.co/ZLztRM2iLp	1670217165000	AAPL
1599632699492536321	1119063948689596417	I've  made 36k  with them . If you really want to make a huge profit on trading .... Choose this professional chat:https://t.co/2RStBn0C0I\n\n$TSLA $NKLA $ROKU $AAPL $JPM $AMZN $MSFT $ZM $FB $NVDA $DAL $AMD $RMTI $SLV $HSBC $BAC $CLSK $ILMN $QQQ $BA $UAL $AAL $TQQQ $MVIS $GOOG https://t.co/BEDcBsGSK5	1670217129000	AAPL
1599632627262443523	1354599142392295433	Amazing! Get Winning alerts \nhttps://t.co/2RStBn0C0I\n\n$BYND $USEG $SHOP $DKNG $MU $NOVS $MYOV $APDN $MXC $BZUN $SPY $QQQ $AMZN $NVDA $BA $TSLA $BABA $AMD $AAPL $NFLX $TWTR $AAL $NIO $INO $OXY $CCL $FB $USO $DAL $TWLO $UGAZ $DIS $ROKU $TVIX $CRON $DJIA $SPX $TLRY $SQ $MSFT $GLD https://t.co/FCaDWmbPtR	1670217112000	AAPL
1599632519078744064	1349640174	$AAPL Top analyst price target for next week- https://t.co/G1CXM2QK2F	1670217086000	AAPL
1599632511956844545	846070511620673536	$aapl Top analyst price target for next week:~'\nhttps://t.co/DrhOyVslHX	1670217085000	AAPL
1599632511273152513	1486994027979620353	How they make money.\n\nApple-  #AAPL\nMicrosoft- #MSFT \nAlphabet- #GOOG\nAmazon- #AMZN https://t.co/20wn7HQkMI	1670217085000	AAPL
1599632438065795072	1250317271869734912	#AAPL on the weekly. Closed over 100SMA as well as the 8SMA crossing the 100 SMA bullish.  Also, MACD crossed, although it's still negative, with bullish volume. We can see a bit more upside to 150-152 early next week. Fyi, H&amp;amp;amp;S still in play as well https://t.co/NTSw2jvL3g	1670217067000	AAPL
1599632372647231490	1599350199805444096	$AAPL #AAPL The symmetrical triangle resistance zone continues to be a critical level to get above. \n\nThe November 9th VWAP is also holding strong on the downside. \n\nGetting tht between these two areas.\n\nDetails into next week: https://t.co/To8CicZtGD	1670217052000	AAPL
1599632326685732865	612135517	What trading stocks looks like when you study hard, plan your trades &amp;amp; trade your plans! LFG\n STOP CHASING PLAYS!  Look for Volume &amp;amp; Only buy when the stock dips!\n\nTags: #AAL #AVGR #AMC #CNK #PLAY #CHFS #WPX #FSR #TSLA #AAPL #DIS https://t.co/brlVtpYOnV	1670217041000	AAPL
1599635951445512193	1477741049451663364	Don't miss the next move in a few hours:\nhttps://t.co/izlO7iGeSE\n\n$BTC $ETH $BNB $DOGE $XRP\n $BTS $DEXE $RAY $QI $MFT\n  $YFII $VGX $WING $APT $IDEX\n $LTC $MATIC $ADA $LINK $DOT\n$SPX $TSLA $FDX $QQQ https://t.co/yACURBww2X	1670217905000	TSLA
1599635877185355776	1489879292796628994	Trading crypto is something we’re trying to make it easier and less\n\n complicated for everyone...\nhttps://t.co/izlO7iGeSE\n\n$BTC $ETH $BNB $DOGE $XRP\n $BTS $DEXE $RAY $QI $MFT\n  $YFII $VGX $WING $APT $IDEX\n $LTC $MATIC $ADA $LINK $DOT\n$SPX $TSLA $FDX $QQQ https://t.co/6DJAjgPod2	1670217887000	TSLA
1599635874933018627	1599496786401443840	$tsla Top analyst price target for next  week:~\nhttps://t.co/mE6fZtai8j	1670217887000	TSLA
1599635819811475456	1582109720948637710	$TSLA\n\nShort term bullish as of last weeks pivots, looking for big longs over 199, or big shorts under 189.4, this is a tight range here. https://t.co/Pru2D75Wu6	1670217873000	TSLA
1599635675917479936	1274459006522855425	TOP MOST VISITED COINS BY PRICE PERFORMANCE \n👉 https://t.co/izlO7iGeSE\n\n$BTC $ETH $BNB $DOGE $XRP\n $BTS $DEXE $RAY $QI $MFT\n  $YFII $VGX $WING $APT $IDEX\n $LTC $MATIC $ADA $LINK $DOT\n$SPX $TSLA $FDX $QQQ https://t.co/71X1eRnb18	1670217839000	TSLA
1599635643520671745	2802327531	Get green portfolio with our black Friday offer, $5.99 for first month. Visit https://t.co/rV8hSQUqjY to get the offer now. #FinTwit  #stockstrading #optionstrading $TSLA $MSFT #blackfriday https://t.co/caIxskpJbI	1670217831000	TSLA
1599635638122610689	2300626969	Get green portfolio with our black Friday offer, $5.99 for first month. Visit https://t.co/XBdjwZTn0P to get the offer now. #FinTwit  #stockstrading #optionstrading $TSLA $MSFT #blackfriday https://t.co/SW1oNUsFd9	1670217830000	TSLA
1599635632766464001	4869785123	Get green portfolio with our black Friday offer, $5.99 for first month. Visit https://t.co/qVsm65H6Mt to get the offer now. #FinTwit  #stockstrading #optionstrading $TSLA $MSFT #blackfriday https://t.co/i73120YDcY	1670217829000	TSLA
1599635446438694912	207980108	@Romanam____01 \n\nBrother FB thanks\n\nBray Bhaya	1670217784000	FB
1599635627016097793	1488699517914345474	Get green portfolio with our black Friday offer, $5.99 for first month. Visit https://t.co/lCf6dH4spc to get the offer now. #FinTwit  #stockstrading #optionstrading $TSLA $MSFT #blackfriday https://t.co/jP3thEVRgj	1670217827000	TSLA
1599635621706092546	1268151188018671618	Get green portfolio with our black Friday offer, $5.99 for first month. Visit https://t.co/16VkflpLQH to get the offer now. #FinTwit  #stockstrading #optionstrading $TSLA $MSFT #blackfriday https://t.co/fN28hFJuJp	1670217826000	TSLA
1599635586914349056	1256092044235325442	$AXS just wait for new #ATH \nbuy and hold \n\n🚀✅🚀🔥🚀✅🚀... \nhttps://t.co/izlO7iGeSE\n\n$BTC $ETH $BNB $DOGE $XRP\n $BTS $DEXE $RAY $QI $MFT\n  $YFII $VGX $WING $APT $IDEX\n $LTC $MATIC $ADA $LINK $DOT\n$SPX $TSLA $FDX $QQQ https://t.co/Ege0GKTuTM	1670217818000	TSLA
1599635458513739777	908362493449383936	at highway cruise speed $TSLA #SEMI  only uses one of its 3 motors.  2 are held in reserve for more speed and torque if needed.  82000 lbs fully loaded from a motor about the size of my lap dog. His name is taco and is half mini collie half chihuahua https://t.co/RcAQ3MNm32	1670217787000	TSLA
1599635439186370561	1529101091782414337	@eliant_capital Even if they do maintain a 50% growth rate, the current valuation is way too high $tsla	1670217783000	TSLA
1599635355879501825	1599401784593694723	Most profitable crypto community sarver with Live alert quality update ,free LESSONS ,best analysis and free trial join here.🙏\nhttps://t.co/izlO7iGeSE\n\n$BTC $ETH $BNB $DOGE $XRP\n $BTS $DEXE $RAY $QI $MFT\n  $YFII $VGX $WING $APT $IDEX\n $LTC $MATIC $ADA $LINK $DOT\n$SPX $TSLA $FDX https://t.co/i7ghA7Jrlh	1670217763000	TSLA
1599635157107212288	1200854060439654400	Join us at  the Best  Crypto Traders Group🤑💰\nDiscord 👉\n.\n(14 Days Free Trial) \nhttps://t.co/izlO7iGeSE\n\n$BTC $ETH $BNB $DOGE $XRP\n $BTS $DEXE $RAY $QI $MFT\n  $YFII $VGX $WING $APT $IDEX\n $LTC $MATIC $ADA $LINK $DOT\n$SPX $TSLA $FDX $QQQ https://t.co/eHJvoQbF63	1670217715000	TSLA
1599635094402392064	1278869471436828673	$TSLA Real-time stock analyst ratings and target your prices:- https://t.co/KvXpj5E8Mg	1670217700000	TSLA
1599634939439259650	1545303540125802499	$TSLA - https://t.co/DgFGRlCFKq - Warren Buffett Backed BYD: Ready To Run In 2023	1670217663000	TSLA
1599634928450572289	1225049321340653568	@corey_aronson Yes.  But TSLA PEG and risk/reward attractive for sure	1670217661000	TSLA
1599634660514230272	3239515429	Whoever understand this AND is strong enough to trade the opposite psychology will win (of course it needs actual utility too).\n\nAsk yourself: Do we have great sentiment in #Bitcoin and $tsla at the moment?\n\nPsychology will change! https://t.co/dkHVtDZZfV	1670217597000	TSLA
1599634545279520768	220322806	Best place for day trading, swing trading, stocks and options.....https://t.co/2RStBmIsMA\n\n$SHLL $GRWG $GLLU $DDOG $NVAX $NVDA $NTES $RH $FUTU $TNK $LYFT $PENN $MU $RVLV $CSCO $AMC $TSLA $PTON $DVAX https://t.co/NDpYwrFaUE	1670217570000	TSLA
1599634422323871745	1319379402069839873	@KReichley Great to e-meet you 😊\n#tesla loving Aussie 🇦🇺\nM3 owner ⚡️\n$TSLA shareholder since 2019 ✅	1670217540000	TSLA
1599634094484520961	1552927108460351488	@realMeetKevin $TSLA...is that the company with the part time CEO that has been promising full autonomous driving every year for the past ten years and failed to deliver? The one that is valued as much as many of the much larger, higher sales car companies combined even with the bad YTD?	1670217462000	TSLA
1599633854113148929	1561354814440607744	#1 Crypto trading community hands down..\nhttps://t.co/izlO7iGeSE\n\n$BTC $ETH $BNB $DOGE $XRP\n $BTS $DEXE $RAY $QI $MFT\n  $YFII $VGX $WING $APT $IDEX\n $LTC $MATIC $ADA $LINK $DOT\n$SPX $TSLA $FDX $QQQ https://t.co/hJ8zQYaCgX	1670217405000	TSLA
1599633767920205824	1052387943761887233	165% gains on MTL and still running! These analysts on fire   \nhttps://t.co/izlO7iGeSE\n\n$BTC $ETH $BNB $DOGE $XRP\n $BTS $DEXE $RAY $QI $MFT\n  $YFII $VGX $WING $APT $IDEX\n $LTC $MATIC $ADA $LINK $DOT\n$SPX $TSLA $FDX $QQQ https://t.co/TgOyVLnoNs	1670217384000	TSLA
1599633698328305666	57487417	$TSLA Top analyst price target for next week- https://t.co/G1CXM2QK2F	1670217368000	TSLA
1599633680653508609	1130931133821014016	WE OUT HERE WITH THE 101% GAINS ON ETH BABY, STOP PLAYING WITH THIS CT GROUP 😤\nhttps://t.co/izlO7iGeSE\n\n$BTC $ETH $BNB $DOGE $XRP\n $BTS $DEXE $RAY $QI $MFT\n  $YFII $VGX $WING $APT $IDEX\n $LTC $MATIC $ADA $LINK $DOT\n$SPX $TSLA $FDX $QQQ https://t.co/kzzBDkSgwA	1670217363000	TSLA
1599633612261183488	1554423958761607168	#CryptoTraders monitoring this bottom &amp; longing $RSR for a 33% return\n\nWe have a discord with a free trial. learn and gain\nhttps://t.co/izlO7iGeSE\n\n$BTC $ETH $BNB $DOGE $XRP\n $BTS $DEXE $RAY $QI $MFT\n  $YFII $VGX $WING $APT $IDEX\n $LTC $MATIC $ADA $LINK $DOT\n$SPX $TSLA $FDX $QQQ https://t.co/9Bd5haGqlr	1670217347000	TSLA
1599635895086645248	880890156697477120	@soicfinance A high valuation like this really does stack the probabilities against us. The higher the price, the worse the chances of a return get. \n\nI see no reason to take the risk given that a higher price implies limited return. \n\n(PS: Take a look at US Stocks $Meta $Googl)	1670217891000	GOOGL
1599634441089200128	1567199579594170368	$googl  $45,00 a day keeps the 9 to 5 away; For a limited time, we are opening our trading chat-room to the public&gt;~     https://t.co/pLHHorfWsz	1670217545000	GOOGL
1599633210014851073	1599401784593694723	$GOOGL Top analyst price target for next week📈📉..🚀\nhttps://t.co/W3URKdXDjR	1670217251000	GOOGL
1599630689950789632	1599483927240269825	Weekly Watchlist 📈\nAll Charts posted in discord\nhttps://t.co/b11R5bknyw\n\n$IQ $CRM $QCOM $SQ $MA $SPY $QQQ $CMCSA $PSTH $ADBE $GOOGL $HD $PYPL $DRYS https://t.co/f9gdmAGV0Z	1670216650000	GOOGL
1599630414263746560	1527866588950855680	$GOOGL Top analyst price target for next week- https://t.co/GCds0l6WtZ	1670216585000	GOOGL
1599629121222418432	1527485372086689793	Most winning trading chat!!! For a limited time, we are opening our trading chatroom to the public! \nhttps://t.co/b11R5bknyw\n\n$YANG $BMA $CYD $BBQ $CRK $CLPR $UNFI $GGAL $GS $LIVE $EXPI $ELP $ARCO $EGRX $ORA $NVTA $AMWL $VGR $CFB $AAPL $MSFT $AMZN $GOOG $GOOGL $BABA $FB https://t.co/biFIYc3ir7	1670216276000	GOOGL
1599628399412400129	1486994027979620353	$GOOGL Top analyst price target for next week- https://t.co/Y6PQSW05yH	1670216104000	GOOGL
1599628126614859776	893305069059403776	$googl $4500 a day keeps the 9 to 5 away; For a limited time, we are opening our trading chat-room to the public.\n🔗https://t.co/l56tKripf9	1670216039000	GOOGL
1599628075859292161	1554447222485716994	Tesla..What Can You Say!! #tesla #tsla #stock #stockmarket #options #money #cars #tech #technology https://t.co/hyoFvLwo7L	1670216027000	GOOGL
1599627846557011968	1300981864392544256	$GOOGL  *Top analyst price target for next week..📈📉🚀\nhttps://t.co/IMv7MhvRQu	1670215972000	GOOGL
1599626966876856320	1597069026773307392	$GOOGL https://t.co/okkpyI51nY	1670215763000	GOOGL
1599626880948109312	1506101444700647424	$SNAP $MU $GE $BA $BAC $SQ $F $GOOGL $GPRO $ACB $JNUG $ETH.X $SBUX $ROKU $INTC $SHOP $UBER $CRON $USO $SPX $IBOI $DJIA $BYND $V $NVAX $TVIX $TLRY $PYPL $DRYS $NUGT $PLUG $XOM $GLD $UGA $JPM\n\nGet instant updates and free trading analysis click here https://t.co/b11R5bknyw https://t.co/Vhd2u1IGF2	1670215742000	GOOGL
1599625470118887424	1570106924716421121	$SNAP $MU $GE $BA $BAC $SQ $F $GOOGL $GPRO $ACB $JNUG \n\nGet instant updates and free trading analysis click here\n\nhttps://t.co/ht6Tajykkg https://t.co/X6esK9RV3Q	1670215406000	GOOGL
1599636229523492864	1489879292796628994	Tata Coffee Grand Instant Coffee, 50g X2, Container Promo Pack at Rs.149\n\nhttps://t.co/XyGOje2eBw	1670217971000	AMZN
1599625364128821248	1473391955035885568	$GOOGL queries have been decelerating (paid clicks +8% in 3Q) with search approaching maturity. What if, instead of being a threat to Google as it currently seems, integrating chat AI into Google leads to *more* queries as the utility of search rises again? A new growth wave?	1670215381000	GOOGL
1599624992408231936	1278869471436828673	$SPX $SPY $ES_F $DJI $QQQ $NDX $FB $AMZN $AAPL $MSFT $NFLX $GOOGL $TSLA \nTo stay updated with trading experts join here https://t.co/b11R5bknyw https://t.co/R3UryKSUlb	1670215292000	GOOGL
1599624126402293760	1577300138816671746	$GOOGL *Top analyst price target for next week..📈📉🚀\nhttps://t.co/XqisL2cDXi	1670215085000	GOOGL
1599622744832094208	1577287104635310082	Most winning trading chat!!! For a limited time, we are opening our trading chatroom to the public! \nhttps://t.co/tXysTF2CeA\n\n$CRK $CLPR $UNFI $GGAL $GS $LIVE $EXPI $ELP $ARCO $EGRX $ORA $NVTA $AMWL $VGR $CFB $AAPL $MSFT $AMZN $GOOG $GOOGL $BABA $FB https://t.co/Pek8IQjyQG	1670214756000	GOOGL
1599622204991229953	1538896347138363392	Couple of stats and quotes for the week ahead.\n\nJoin our discord:https://t.co/tXysTEKt0s\n\n$ES_F $NQ_F $YM_F $SPY $SPX $QQQ $TLT $FB $AMZN $AAPL $NVDA $NFLX $GOOGL $TSLA $XLK $XLE $XLF https://t.co/SfmbkbjPD8	1670214627000	GOOGL
1599622162641391616	1599078262340489221	: New Zealand plans law to force Google, Meta to pay news publishers for content\nhttps://t.co/K5yzsCEk1d\nMore news about $GOOGL on #TickerTick https://t.co/j8BobX4etY	1670214617000	GOOGL
1599621664248983552	948160204364849154	$VRUS We are clear for lift off! Buy ALERT! #BABA #SBUX #TSN #FB #AVLR #SMAR #TLRY #GIS #WFM #NIO #SNAP #TSLA #BAC #YUM #TWTR #AMZN #DOCU #CSCO #NFLX #WMT #BA #CRM #GOOGL #SQ #SVMK #CMG #RTN #VMW #QQQ #JPM #microcap #OTC #NASDAQ #CNBC #CFO #dowjones #stocks #wallstreet ... https://t.co/NlL55cNWZZ	1670214498000	GOOGL
1599621370127691777	1599446123558719491	Some cannot trade the new $VRUS ticker yet. BUY today, as this is a chance to get in at a low price! #BABA #SBUX #TSN #FB #AVLR #SMAR #TLRY #GIS #WFM #NIO #SNAP #TSLA #BAC #YUM #TWTR #AMZN #DOCU #CSCO #NFLX #WMT #BA #CRM #GOOGL #SQ #SVMK #CMG #RTN #VMW #JPM #microcap #O... https://t.co/D1qkC9cdfb	1670214428000	GOOGL
1599621362775359488	1599444582827278337	$googl Top analyst price target for next week.\nhttps://t.co/JK7LMq7KfA	1670214427000	GOOGL
1599621352700674049	1478035343228248067	$GOOGL Top analyst price target for next week..📈📉..🚀\nhttps://t.co/CjVZ0Vxu68	1670214424000	GOOGL
1599620902257594369	1551609328888586240	#Alphabet $GOOGL chart suggests #Fibonacci based #Resistance Levels are 102.25,102.88,104.82\nand #Support Levels are 100.22,99.75,98.28\nStart #investing in #GlobalStocks at https://t.co/peLniHQjpl\n#Investor #Trading #investing	1670214317000	GOOGL
1599620899518709760	174020897	#Alphabet $GOOGL DailyChart-SMAandFibonacciSupport-Resistance\nStock trading below 200SMA\n20SMA at 95.63, 50SMA at 96.75, 200SMA at 113.37 https://t.co/6icQ4IPdtg	1670214316000	GOOGL
1599620526292492289	1544015228161196033	Google is the internet !! #google #googl #goog #stock #market #tech #technology #epic #internet #monster https://t.co/4kVZL9mRKU	1670214227000	GOOGL
1599620147077005313	1405370122953531399	Top Chatroom\nhttps://t.co/tXysTEKt0s\nJoin for both FREE &amp; PREMIUM SERVICE!\n\n🗣️👥👤\n$SPX $SPY $AMZN $AAPL $AMD $FB $SHOP $BYND $NVDA $GOOGL $MSFT $TSLA $BA $CMG $INTC $NFLX $JPM $BAC $YM $YM_F $NQ $NQ_F $ES $ES_F $GC $GLD $QQQ $WMT $SQ $TLT $BABA $BIDU $ROKU $RTY $IWM $VIX https://t.co/HGL6rrMtxF	1670214137000	GOOGL
1599620115959799808	1572609223065993217	Weekly Watchlist 📈\nAll Charts posted in discord\nhttps://t.co/SC35YtHyWh\n$IQ $CRM $QCOM $SQ $MA $SPY $QQQ $CMCSA $PSTH $ADBE $GOOGL $HD $PYPL $DRYS https://t.co/hHMlvXVvnt	1670214129000	GOOGL
1599619986854580225	1580341197494796289	$SPX $SPY $ES_F $DJI $QQQ $NDX $FB $AMZN $AAPL $MSFT $NFLX $GOOGL $TSLA \nTo stay updated with trading experts join here https://t.co/tXysTEKt0s https://t.co/M8C7YmBiOQ	1670214099000	GOOGL
1599619458318077952	1529691211321462785	Only in our Discord!! No body does it like  us join here \nhttps://t.co/VkSCekd2YL\n\n$AAPL $AMZN $SPCE $MELI $GOOGL $TWTR $FB $NIO $DOCU $RKT $FUBO $SHOP $WMT $MCD $DIS $MSFT $AMD $TSLA $ZM https://t.co/OPcJXmDyhe	1670213973000	GOOGL
1599618986458505217	60708321	Look like legit traders include this chat and making profits. FREE Check out now..https://t.co/tXysTEKt0s\n\n$BBQ $CRK $CLPR $UNFI $GGAL $GS $LIVE $EXPI $ELP $ARCO $EGRX $ORA $NVTA $AMWL $VGR $CFB\n$AAPL $MSFT $AMZN $GOOG $GOOGL https://t.co/bpmjiaIUEM	1670213860000	GOOGL
1599618122595831809	271443026	Weekly Watchlist 📈\nAll Charts posted in discord\nhttps://t.co/VkSCekd2YL\n\n$IQ $CRM $QCOM $SQ $MA $SPY $QQQ $CMCSA $PSTH $ADBE $GOOGL $HD $PYPL $DRYS https://t.co/3IqANFromf	1670213654000	GOOGL
1599617986486099968	1539492253328035840	Join the most profitable trading alerts chatroom\n\nhttps://t.co/tXysTEKt0s\n\n$SPX $SPY $AMZN $AAPL $AMD $FB $SHOP $BYND $NVDA $GOOGL $MSFT $TSLA $BA $CMG $INTC $NFLX $JPM $BAC $YM $YM_F $NQ $NQ_F $ES $ES_F $GC $GLD $QQQ $WMT $SQ $TLT $BABA $BIDU $ROKU $RTY_F $RTY $IWM $VIX $DIA https://t.co/W65wtRqgC2	1670213622000	GOOGL
1599617724912926722	3248010450	@satrdayhaze was that googl translate?	1670213559000	GOOGL
1599617434981662720	1573297971059253248	What happened last December 🤫🤝🏽 didn they say history repeat it self 🚀#AMC #APE #AMCAPES $AMC $SPY $VIX $SPX $QQQ $TSLA $AMZN $GOOGL $AMC $GME $BBBY $TSLA $GME $AMC  $Google   $BTC $AAPL $AMZN  $NFLX $MSFT $KO $MCD $NIO	1670213490000	GOOGL
1599617144417046529	1087068775189540864	@amasad https://t.co/9gatxJZLZ0\n\nor buy the three leaders: MSFT, AMZN, GOOGL	1670213421000	GOOGL
1599617121909997568	1557742262125469699	Helped me get my account green all time. Thanks https://t.co/tXysTEKt0s\n❤️👏📈☝️\n$SPY $ES $ADBE $AMZN $MSFT $AAL $ROKU $BABA $CRM $GOOGL $FB $INTU $MRVL $ATVI $TWTR $ORCL $LRCX $AMD $NVDA $TSLA  $DKNG $ADBE $TONJ https://t.co/YahKGwMzHg	1670213415000	GOOGL
1599617098279682049	1529690782583914496	Only in our Discord!! No body does it like  us join here \nhttps://t.co/SP5dEA8EUP\n\n$AAPL $AMZN $SPCE $MELI $GOOGL $TWTR $FB $NIO $DOCU $CRV https://t.co/o1UofMTgW7	1670213410000	GOOGL
1599617080050868225	1352245898600972290	@amasad spread trade MSFT / GOOGL	1670213405000	GOOGL
1599614848463122433	1599069202421149696	Most winning trading chat!!! For a limited time, we are opening our trading chatroom to the public! \nhttps://t.co/nbm9ktyqhL\n\n$CRK $CLPR $UNFI $GGAL $GS $LIVE $EXPI $ELP $ARCO $EGRX $ORA $NVTA $AMWL $VGR $CFB $AAPL $MSFT $AMZN $GOOG $GOOGL $BABA $FB https://t.co/yGYgh537Bi	1670212873000	GOOGL
1599613400161525760	1565450283802558466	Weekly Market commentary | Week starting Dec 5th, 2022 \n\n#NQ_F #AAPL #QQQ #AMZN #TSLA #SPY #GOOGL #NFLX #MSFT #NVDA #AMD #HES #AAL #NKE #AMAT #ADM #BX #ARMK \n\n #react #wallstreet #priceaction https://t.co/oK9I1Kfsk8	1670212528000	GOOGL
1599612976566358016	2603182496	Google...What Can I Say !! #google #googl #stock #tech #internet #goog #technology #epic #monster https://t.co/qsTXp118nc	1670212427000	GOOGL
1599612828670865408	1570740474851520518	$SPX $SPY $AMZN $AAPL $AMD $FB $SHOP $BYND $NVDA $GOOGL $MSFT $TSLA $BA $CMG $INTC $NFLX $JPM $BAC $YM\nWas able to close it for a 100%profit.https://t.co/nbm9ktyqhL https://t.co/jZrRLoOx1Y	1670212392000	GOOGL
1599612411539251201	1570742464197296134	$GOOGL Top analyst price target for next week.... https://t.co/P4BXnfTZoy	1670212292000	GOOGL
1599612206789758976	963495628545327104	Couple of stats and quotes for the week ahead.\n\nJoin our discord:https://t.co/nbm9ktyqhL\n\n$ES_F $NQ_F $YM_F $SPY $SPX $QQQ $TLT $FB $AMZN $AAPL $NVDA $NFLX $GOOGL $TSLA $XLK $XLE $XLF https://t.co/n3tWw0YgVu	1670212244000	GOOGL
1599611496723492866	1498683559380664320	Look like legit traders include this chat and making profits. FREE Check out now..https://t.co/nbm9ktyqhL\n\n$BBQ $CRK $CLPR $UNFI $GGAL $GS $LIVE $EXPI $ELP $ARCO $EGRX $ORA $NVTA $AMWL $VGR $CFB\n$AAPL $MSFT $AMZN $GOOG $GOOGL https://t.co/wknnmaDTvi	1670212074000	GOOGL
1599610803342036992	1554360012314554368	Top Chatroom\nhttps://t.co/nbm9ktyqhL\nJoin for both FREE &amp; PREMIUM SERVICE!\n\n🗣️👥👤\n$SPX $SPY $AMZN $AAPL $AMD $FB $SHOP $BYND $NVDA $GOOGL $MSFT $TSLA $BA $CMG $INTC $NFLX $JPM $BAC $YM $YM_F $NQ $NQ_F $ES $ES_F $GC $GLD $QQQ $WMT $SQ $TLT $BABA $BIDU $ROKU $RTY $IWM $VIX https://t.co/Oju4n4FcB7	1670211909000	GOOGL
1599610267373285376	319436061	Join the most profitable trading alerts chatroom\n\nhttps://t.co/nbm9ktQzvT\n\n$SPX $SPY $AMZN $AAPL $AMD $FB $SHOP $BYND $NVDA $GOOGL $MSFT $TSLA $BA $CMG $INTC $NFLX $JPM $BAC $YM $YM_F $NQ $NQ_F $ES $ES_F $GC $GLD $QQQ $WMT $SQ $TLT $BABA $BIDU $ROKU $RTY_F $RTY $IWM $VIX $DIA https://t.co/OwKKY7RhV0	1670211781000	GOOGL
1599610188004478979	1599059727551729664	$SPX $SPY $ES_F $DJI $QQQ $NDX $FB $AMZN $AAPL $MSFT $NFLX $GOOGL $TSLA \nTo stay updated with trading experts join here https://t.co/nbm9ktQzvT https://t.co/AyuGnb77dX	1670211762000	GOOGL
1599609062077116417	1567866395026948096	OpenAI is a fintwit FURU exposed smh. Claiming to be a financial advisor then told me to go all in $TSLA $MSFT $GOOGL https://t.co/j65kkxSI8x	1670211494000	GOOGL
1599608247908007936	1332192259966599171	Sunday Stock Review recording we did live!\n\nCheck it out! $SPY $QQQ $BA $GOOGL $BABA $HSTECH $BIDU $AAPL \n\nhttps://t.co/5UM2428uXj	1670211300000	GOOGL
1599607688182177793	1574495779187822592	Weekly Watchlist 📈\nAll Charts posted in discord\nhttps://t.co/2RStBmIsMA\n\n$IQ $CRM $QCOM $SQ $MA $SPY $QQQ $CMCSA $PSTH $ADBE $GOOGL $HD $PYPL $DRYS https://t.co/U7xf37Uamh	1670211166000	GOOGL
1599607403733213184	1332189683082674177	$GOOGL $4500 a day keeps the 9 to 5 away; For a limited time, we are opening our trading chat-room to the public.. -+&gt;📈📉🚀\nhttps://t.co/OsYZ2K8BdE	1670211098000	GOOGL
1599606854702637056	993587886678298624	$SNAP $MU $GE $BA $BAC $SQ $F $GOOGL $GPRO $ACB $JNUG $ETH.X $SBUX $ROKU $INTC $SHOP $UBER $CRON $USO $SPX $IBOI $DJIA $BYND $V $NVAX $TVIX $TLRY $PYPL $DRYS $NUGT $PLUG $XOM $GLD $UGA $JPM\n\nGet instant updates and free trading analysis click here https://t.co/2RStBmIsMA https://t.co/YEw3yYbLC3	1670210968000	GOOGL
1599606402980388864	1570757562794135565	Daily chart bearish swing flagged for $GOOGL on 12-02-2022 calculated after market close with unusual options flow. #bearishswing #GOOGL #unusualoptionsflow #stockmarket #stocks #investing #trading https://t.co/fNhZ1joaGS	1670210860000	GOOGL
1599605992962289664	2238235556	$SPX $SPY $ES_F $DJI $QQQ $NDX $FB $AMZN $AAPL $MSFT $NFLX $GOOGL $TSLA \nTo stay updated with trading experts join here https://t.co/2RStBn0C0I https://t.co/2M4Gwt6TRu	1670210762000	GOOGL
1599605621828947968	1599063479398600704	Elliott Wave Analysis: S&amp;P 500, AAPL, AMZN, NVDA, TSLA, GOOGL, BRK.B, BLOCK,META, NFLX and more [Video] https://t.co/IBatOUORMd	1670210674000	GOOGL
1599605186472726529	1404552705721475078	@FbBagholder ~ if anything; $GOOGL will acquire it. and/or incorporate it over time.	1670210570000	GOOGL
1599635996210909184	1599496786401443840	Best discord group over 80k members and even have their own app join here \nhttps://t.co/2RStBmIsMA\n\n$KNDI $KYNC $FDFT $LLBO $EMED \n$COIN $AMC $GME $BB $TSLA $AHT $VXIT https://t.co/UwS5bPKoXG	1670217915000	GME
1599635584233791488	1574766353541918720	$gme Top analyst price target for next  week:~ \n https://t.co/cK9SaMWl1u	1670217817000	GME
1599635549752786944	1568653590079610880	Earnings to Watch This Week\n$COST $AVGO $AZO $LULU $LI $CHWY $CPB $COO $MDB $MTN $DOCU $CASY $GME $GTLB\n#Earnings #Stocks #Dividends #IPO #Investing #Calendar #Costco #Chewy #Docusign #GameStop https://t.co/WPcxxXx8RA	1670217809000	GME
1599635519176146946	1574545407551893504	$voltairemelkor.LOOPhwang.138 hOGeTheatres🦋🍵🦌 \n\nThank you for following Los Quacks, supporting the project and playing the game! Check Out the Quacks Collection at #Loopexchange https://t.co/VxNi2XvFc1 \n\nHave a Quack day! 🫶🏴‍☠️ #Quacks #GME #Loopring #L2	1670217802000	GME
1599635468487827459	1534373126083121153	Buy signal on the weekly $BBBY 🚀📈💣\nhttps://t.co/2RStBmIsMA\n\n$GME $AMC $BB $NOK $CCIV $BTC $ETH https://t.co/ePdbH6LcBE	1670217790000	GME
1599634976701435904	1574542830697173007	For once I am not expecting a dip on this Wednesday's $gme earnings. This is the most outspoken I have ever seen Matt Furlong; also reinforced in the  @GMEdd video interview...expected EPS range is (.35 low) to (.24 hh ). Anything (.15) or hher;   #gme https://t.co/SA6JToJoZP	1670217672000	GME
1599634940726870017	282562782	To enhance your experience in trading and get instant help click here \nhttps://t.co/2RStBmIsMA\n\n$GME $HOLD $SAVE $AT $TIME $RH $ITM $TD $DO  $AMC $GME $HDGE $EU $IPO $DIS $NOK $IT $BILI $BURL $PLCE $ANF $OLLI $PLAN $FLWS $VIOT  $HPQ $SOL $BITA $ATHM $NTAP $SPY https://t.co/ezFvboBdNm	1670217664000	GME
1599634893872705536	1180647291142565888	@zerohedge All roads lead back to #GME $GME	1670217653000	GME
1599634863552073728	1574825597930541056	$GME Real-time stock analyst ratings and target your prices:- https://t.co/Wa6iUJHJ7x	1670217645000	GME
1599634845143281665	1555401244067643392	#AMCSQUEEZE #AMCSTOCK #AMCNEVERLEAVING #AMC $AMC #CitadelScandal #StockMarket #GME #APE $APE #Apes #ApesTogetherStrong https://t.co/mYCkxLRgD3	1670217641000	GME
1599634829376892928	1599027070998396930	@Just_Scoop @BeezySoSmoove ESPN college game day was I lost action for a Grambling Southern gMe in 04.. Good Morning America has been to HBCUs tons of times and on the SI cover thing. https://t.co/lgHMS2r7fN	1670217637000	GME
1599634314769072128	1599048031306977280	🏴‍☠️BWells.Loopring.eth🏴‍☠️ \n\nThank you for following Los Quacks, supporting the project and playing the game! Check Out the Quacks Collection at #Loopexchange https://t.co/VxNi2XvFc1 \n\nHave a Quack day! 🫶🏴‍☠️ #Quacks #GME #Loopring #L2	1670217515000	GME
1599634306002927618	1599401784593694723	Buy the dip still working. Another winning alerts live in this chat. \nhttps://t.co/2RStBmIsMA\n\n$BLNK $VCNK $AMD $NNOX $AAL $INO $NKLA $WKHS $PTON $VXRT $MSFT $QQQ $SAVA $RMTI $PEIX $BMY.RT $NIO $SPY $CCL $KODK  $SLV $PINS $VALE $SPXS $NCLH $DAL $GE $GME $SAN $XLF $BAC https://t.co/SCjJllR3u9	1670217512000	GME
1599634269055614977	1599042991200636928	@TeamDRS3 @CEOAdam It would be helpful if you broke it down in simple instructions for us OG crayon eaters. What needs to be done to get DRS? Why? Explain how it is or isnt working for GME? Why AA trying to make AMC profitable not ok for bagholders? What is debt, GME has none but no moass?	1670217504000	GME
1599634154357809152	1599040835013730304	They came in the mail yesterday , now we can start squeezing the Shorts ... LFG #GME https://t.co/7M57EDS53n	1670217476000	GME
1599634120795357184	1599040306149826560	$gme Top analyst price target for next  week:~ \n https://t.co/mGPolzECfO	1670217468000	GME
1599633929543131137	1529101091782414337	We are now in Extreme Greed HODL.....\n#AMC #APE #HYMC #GME https://t.co/R26ABSPoKt	1670217423000	GME
1599633694704427008	1599039793505116160	My recent poll results showed 98% of users want the #twitterfiles on the suppression of $AMC &amp;amp; $GME by the collusion of our government, financial institutions, Wall Street and old Twitter. Please make it happen   #AMC #GME $APE #APE #Citadel #CitadelScandal https://t.co/VFj2iONcZx	1670217367000	GME
1599636211139629056	1544723668122701830	Red Tape Clothing | Min. 75% OFF from ₹321\n\nhttps://t.co/yEscGRGKeo https://t.co/if1SsrjmCL	1670217967000	AMZN
1599633521760677888	774126571204456448	$AMC $APE #AMC #APE #GME $GME.  I have the impression that the vast majority of apes understood the game, but apparently not the shorts , especially Virtu.  This is because greed and hope make you even more blind than love.  NFA. https://t.co/Jbv08C026B	1670217325000	GME
1599633356442202113	1401149036472770562	$gme Top analyst price target for next week..📈📉..🚀\nhttps://t.co/W3URKdXDjR	1670217286000	GME
1599633350960218112	1552927108460351488	B week coming up!\n\nCan it be Wednesday already \n\n#GME https://t.co/XT5V6r9kOS	1670217285000	GME
1599633161335422977	1599483927240269825	$NWBO #NWBO They fht against brain cancer and the market frauds! They deserve ape support! Buy and hold! #AMC #GME #APE https://t.co/YunnZaYynu	1670217240000	GME
1599633073486061568	1486994027979620353	The real reason the media is coddling SBF is because if people know exchanges aren’t issuing real Bitcoin then maybe brokers aren’t issuing real shares of stock. \n\nBut y’all know that already \n#AMC #GME #APE #BB https://t.co/sY2jIeMKXi	1670217219000	GME
1599632980213133313	1529809120152342528	$gme Top analyst price target for next week:~'\nhttps://t.co/DrhOyVslHX...	1670217196000	GME
1599632946952306688	1495966130397229059	$GME Top analyst price target for next week- https://t.co/G1CXM2QK2F	1670217188000	GME
1599632933438230528	4204304705	$BBBY 🍋 candidate! the base is minimum. 🚀\nhttps://t.co/2RStBn0C0I\n\n$GME $AMC $BB $NOK $NAKD $CCIV $BTC $ETH $DOGE $TEL $SHIB $ADA $XTZ $NANO $LINK $LUNA $SOL $TRX https://t.co/roVHPqxKgT	1670217185000	GME
1599632922071674885	2802327531	GME—Something I noticed…one of my tweets was open when I checked my phone and I could see who liked it. I had to ‘follow back’ approximately 15 #GameStop #GME community members that I KNOW I already followed. Some of them for almost 2 years.  @ryancohen @GameStopNFT https://t.co/Ap5p3EtRqq	1670217183000	GME
1599632724834537472	1529125118051594240	Soil is the foundation of a sustainable future. World Soil Day!\n\n#WorldSoilDay #SaveSoil #biodiversity #GME #recyclewater♻️ #savewater💧 https://t.co/vZNuua7pMR	1670217135000	GME
1599632584254033920	1557230581343473664	I’m jacked to the tits #GME 🏴‍☠️ #OpenTheCasino	1670217102000	GME
1599632343173828609	1594020816651538433	$GME  ALL THESE LEVELS POSTED AHEAD OF  TIME BEFORE THE MARKET OPENED ➟. .. \n https://t.co/hxdWduRiFw	1670217045000	GME
1599632035769122817	603283442	$GME  ALL THESE LEVELS POSTED AHEAD OF  TIME BEFORE THE MARKET OPENED ➟. .. \n https://t.co/hxdWduRiFw	1670216971000	GME
1599631969016745989	1599350199805444096	$GME  ALL THESE LEVELS POSTED AHEAD OF TIME BEFORE THE MARKET OPENED ➟. .. \n https://t.co/hxdWduRiFw	1670216955000	GME
1599631576773513218	1598894200531001344	Left: $GME Right: $MMAT ( $TRCH) https://t.co/V4UtJP4PFh	1670216862000	GME
1599631244979232769	23025079	$gme  I made $1,400 trading in the first hour of market open today;-\n🔗https://t.co/l56tKripf9	1670216783000	GME
1599631077056090112	1527866588950855680	$gme I made $1,400 trading in the first hour of market open today;-\n🔗https://t.co/l56tKripf9	1670216743000	GME
1599630393128669184	1445138527700885504	$GME Real-time stock analyst ratings and target your prices:- https://t.co/ubNLzc0rfl	1670216580000	GME
1599630385373028352	1261088931103141888	Best discord group over 80k members and even have their own app join here \nhttps://t.co/b11R5bknyw\n\n$KNDI $KYNC $FDFT $LLBO $EMED \n$COIN $AMC $GME $BB $TSLA $AHT $VXIT https://t.co/NO035PSo8l	1670216578000	GME
1599630316905189376	1538705543253987329	@tradewarfare Hodling AMC/GME/APE/BBIG/HYMC Im not an investor Im more of a gambler. When I look in AA eyes RC eyes and Elons eyes I see men with something up there sleeves They know they have already won the game and now there just playing with the hedges and us	1670216561000	GME
1599630289457664000	1409366034	I finished the Eat the Rich documentary on Netflix.  Their conclusion was that with social media forums, a $GME could happen again if retail investors sniff out overleveraged hedge fund short positions.  In theory, $NWBO has over 1 billion shorts naked.  OTC is crazy.	1670216555000	GME
1599630192158584832	1228777504443420672	$gme Top analyst price target for next week:~'\nhttps://t.co/DrhOyVslHX	1670216532000	GME
1599629973345554433	1529136261176254469	@BAMinvestor im holding til daisies grow on my grave. but honestly. i think that GME was such an embarrassment to the suits that itll never happen again....	1670216479000	GME
1599629736417800193	1590499141192323072	Buy signal on the weekly $BBBY 🚀📈💣\nhttps://t.co/b11R5bknyw\n\n$GME $AMC $BB $NOK $CCIV $BTC $ETH https://t.co/NDxYgoaVB4	1670216423000	GME
1599629595372027904	1202949228021964807	$gme $4500 a day keeps the 9 to 5 away; For a limited time, we are opening our trading chat-room to the public. ...~\nhttps://t.co/0kGgDeeUlX	1670216389000	GME
1599629526949982208	1450172464676302849	“Invest in what you consume” - Sha Osman\nhttps://t.co/b11R5bknyw\n\n$LCID $AMZN $MSFT $HCMC $AAPL $SPY $TSLA $FB $GOOG $BABA $SQ $NFLX $NVDA $BTC $SHOP $AMC $GME $ACIW, $TLRY, $SOLO, $INDI, $FDX, $TSLA, $TAL, $NVDA, $XOM, $CPB, $OPEN, $DKNG https://t.co/NY7JXdBZFe	1670216373000	GME
1599629447082090496	1070934734	🔶 The day was mixed of gain and loss\nhttps://t.co/b11R5bknyw\n✅ But glad that many if not the all of our group were on the gain side 💪\n\n🚀\n\n$AAPL $NIO $SPY $WMT $FB $PT $PTON $GME $TSLA $MVIS $BABA $AMC $AMD $ADBE $RIOT $VXX  $UVXY $SQQQ $XOM $FUBO $PLTR $QQQ $OXY $CHWY https://t.co/nJYulBZDVu	1670216354000	GME
1599629444184150016	1599446123558719491	@cvpayne Seems like another dog and pony show like when the $GME fiasco happened. Congress is implicit in this and it shows!	1670216353000	GME
1599628821455859713	1285214746208284680	@SteveWagsInvest $GME for fun. $COST as a share holder	1670216205000	GME
1599628807518171136	19575960	To enhance your experience in trading and get instant help click here \n\nhttps://t.co/XlqmVNY3eb\n\n$GME $HOLD $SAVE $AT $TIME $RH $ITM $TD $DO  $AMC $GME  $SPY https://t.co/LvhQ9ovbrE	1670216202000	GME
1599628579289157632	1214957598073589760	20 Best Graduate #Marine Engineering Institutes In India – GME Courses https://t.co/pdmOy3nzNs #ship #sea #maritime	1670216147000	GME
1599628488721387520	866143308	To enhance your experience in trading and get instant help click here \nhttps://t.co/b11R5bknyw\n\n$GME $HOLD $SAVE $AT $TIME $RH $ITM $TD $DO  $AMC $GME $HDGE $EU $IPO $DIS $NOK $IT $BILI $BURL $PLCE $ANF $OLLI $PLAN $FLWS $VIOT  $HPQ $SOL $BITA $ATHM $NTAP $SPY https://t.co/g1p73sTM8Y	1670216126000	GME
1599628177801768961	1599444582827278337	@StickStocks These two statements apply to Chuck @GainzXtreme as well. Tremendous upside and downside results all year for $AMC $GME $SPY using his BoxTop and SnakeAlgo methods. Videos documenting these results on Twitter and YouTube, including YT live-streams on Wednesdays. No hype/no BS.	1670216051000	GME
1599636570906116097	1522260457930768386	Good night Twitter fam! \nI will continue to fb tomorrow. ❤️ Blessings to all and sending you well wishes and love! 💞💞💞	1670218052000	FB
1599636565189619712	923760394547507200	FB INSTA WP pe Story YouTube link pehle dalna Bhai log #BesharamRang  ✌️	1670218051000	FB
1599636564262285312	1344372528970653696	@ExpoRecruits Name: Darrell Copeland, Jr.\n🏈pos: DE, DT, LB, FB\n🎓class: 2023\n📏 ht: 5’10”\n🍱wt : 228lbs\n🏃🏻‍♂️40x: 4.8\n🏤school: Blount High School \n📚GPA: 3.0\n🐦Twitter: @dcopelandjr45 \n🗺City/State: Mobile, AL\n📑Offers: 0\n☎️Phone: 251-321-7819 or 251-554-0113\n📽 film :\n#45 opening the hole https://t.co/CIAIVhsuux	1670218051000	FB
1599636546289737728	1504665998863089664	Ok. Paying coaches and athletes tons of money is great until it effects universities negatively. If it’s really true (idk) that Colorado is going to raise tuition to pay prime, we need to take a step back here. I know FB makes tons of money but that is absolutely asinine to me	1670218047000	FB
1599636543882158080	1416672436968255492	But It's also not okay to label them names like "ma-attitude" for not saying hi or smiling back at you. As you said on your fb post that they have events to attend to after, you should also take into consideration all the possible reasons. Hindi po sayo umiikot ang mundo.	1670218046000	FB
1599636533773946881	1310919092161871874	Still in the mood of Thanksgiving 🔥\n\nDay 15\n\nJoin us : https://t.co/6uYwyV6Gou https://t.co/hFMZTSkj4O	1670218044000	FB
1599636527516372992	1540160843458936834	@camllerii its been dealt with and i don't accept offers from scammers. also, it wasn't even a hack luckily. just fb being down for a bit.	1670218042000	FB
1599636516476977152	1512924527973478401	@effloremoon we have a same header ⁉️⁉️, anw fb yaa, thank you &lt;3	1670218039000	FB
1599636487305187328	1425236366691115008	@KopoJr @chevi_masta Fb master	1670218033000	FB
1599636467722383365	904880168103055360	@RVCJ_FB We get this warning in 2019 https://t.co/1Q27jlHB9T	1670218028000	FB
1599636467692998658	902418273144209409	@NBELLORE54 @Seahawks Quick timeout on #Madden23  to bench Seahawks FB for backup RB with speed and catching ability!	1670218028000	FB
1599636455214628864	1599496786401443840	You are welcome to our onboard with free trials with all the premium features. \n\nhttps://t.co/2RStBmIsMA\n\n$WYNN $HOME $KNDI $MOBL $CBAT $NOW $PYPL $FB $GLD $TDOC $AMD $QQQ $BLNK $INTC $NFLX $BABA $BTC.X https://t.co/jydvYRVUYs	1670218025000	FB
1599636429097037826	921803374286090240	@keerah69 Follow for fb..,,,,\n@balbirs1728 \n@l_f1i \n@donk48 \n@star_1508	1670218019000	FB
1599636428304310272	1451975265798823937	Pls stream, like and share the vid on all SNS like FB, Insta, personal chats...it's a Veautiful vid and deserves visibility\n#Veautifuldays with V are here 💜\n\nI vote #KIMTAEHYUNG  for Asian Celebrity of the Year #ACOTY2022 #NETIZENSREPORT #ACOTY2022KIMTAEHYUNG @thenreport https://t.co/wC7u0mtqaS	1670218018000	FB
1599636394011676673	1363587555099222016	Hi twitter world🤍✨hello fellow kakampinks🥺 please help me boost our composed song for our school composition competition. Positive reacts only, palike na din po ng page. Salamat po🫶\n\nhttps://t.co/NiaMkZy7FC	1670218010000	FB
1599636359937163264	1414923905282674701	@koyannagi WTS ACC BA \n\n1. https://t.co/h3EnlfD87q (di fb virtualbase dan virtualfess 21k) \n2 https://t.co/QX8mlrrkuV (di fb virtualbase dan virtualfess 21k) \n\n-v all \n-masuk ht mt non-moots\n-@.mulchar\n-mastip  15 desember \n-go green	1670218002000	FB
1599636355449237504	1590682021030158337	@notHamhed fb sir	1670218001000	FB
1599636347895304192	1543462508	@NachtegaalPiebe She mentioned being involved with both his campaign and that of Ben Moss &amp; Tom McInnis on her FB, but she’s been scrubbing it ever since the attack and I can’t find the posts on it.	1670217999000	FB
1599636343281266688	1586048507881873409	fb://photo/6118911754820161?set=p.6118911754820161	1670217998000	FB
1599636333500059648	1517108246036639744	@enofsky fb, rt n like pin yaa tysm! 💐	1670217996000	FB
1599636323530584066	1526991181	#refurbishedlaptops\n#usedlaptops \n#oldlaptops\n#2ndhandlaptops\n@ManojMBajaj\n@NCCTinsukia\n@lubtinsukia\n@lubpurvottar\nWe have ready stock of variety of Used laptops at our Tinsukia and Guwahati Stores\nhttps://t.co/vVfOi2O3JA	1670217993000	FB
1599636323253428224	292743708	@88YCKS @jasmine50012486 @Magdale_Aguilar @AliAkberMehdi @Nature_moni @MeryemSu28 @Meggy_Lov @Ayhan_525 @Sude0028 @bdonesem @Sahelenaa @mtm1284 @8_karmila @Ldovyka @nbea_h @Mone_fb @kmllata @DGalyBJ @Pagla05 @R1_Adv @Voor21 @_e1_e @1firj I follow back 💯	1670217993000	FB
1599636294719897600	1509105099045441536	@deadlyheavent fb yaa, thank you 🙋🏻‍♀️	1670217987000	FB
1599636279754633217	103157710	@ZK3Alph @ADeRa_Always @D3V4ZH @KumajasRobby @kankmazaydrooze @Darul_Ihsan__ @DFighter___ @S4finaT @cihmm3 @89Kul @mahar_sayas @Nobetrayer @denai69 @SKamil55 @Jalan_Sunyi0523 @akuntwiter968 @Inces_WD @adnan_uj @Rozzty5 @PeluHalawan @Wied77518018 @fressshhh72 @nctdrmy Izin follow dn fb🙏	1670217983000	FB
1599636271370014722	1472054802	Thank you for following Georgeanna Manship! Connect on FB at CyberconServices or on LinkedIn at RickBackusatCyberconServices and at the Cybercon-Services LinkedIn page	1670217981000	FB
1599636267268210688	4310415317	@MKALUKA_PRODUCT @mwamatandala93 @MasakaJunior1 @Azizah_255 @QueenAbeeke @chevi_masta @MudiMabiriani @cheka___tz @king__255T @samuelmway FB pal	1670217980000	FB
1599636262817652736	1449375440288862216	Nuclear Attack: 15 Worst Places You Can Be Include This Illinois City\nhttps://t.co/ib8VpCjk1n	1670217979000	FB
1599636241523175426	261778015	@omwambaEK I fb immediately	1670217974000	FB
1599636227086749696	1103010591801671681	Get fb from me pls ..💚 https://t.co/vx95DDAvgg	1670217970000	FB
1599636224947650561	35263119	@MarEthr @italianostyle2 @ME_1b @Franc_grau @R3_Adv @nealhailey @r95731 @Nazia_fb @DianeDaQueen @ygmr18_ @Baby92Queen @NlHILIST @Patris3577 @UDoutrinador @Teller_23360 I follow back 💯	1670217970000	FB
1599636205930713088	87110494	@abhinavj617 @Prof_Cheems I know her fb pe h mere	1670217965000	FB
1599636190319476738	112371748	Lotta Karen’s in the crowd on fb rn	1670217962000	FB
1599636184330014720	1388389935913181185	We're excited to be hosting Fed + Qld Enviro Ministers @tanya_plibersek @meaghan_scanlon this Thursday for the Qld Environment Symposium. Join by Live Stream: https://t.co/MWWTuvscbJ	1670217960000	FB
1599636178739036161	157178499	@wjnt_sisilia Fb dong, thanks	1670217959000	FB
1599636177950494720	562424784	@MBNaveen3 Fb bro	1670217959000	FB
1599636171629690881	888335677263421440	@BeauTFC @facebook Yeah, I've been getting 🚩 for © infringement for photos I took w/my android phone. 🤔 I've even been put in "FB jail" 3x this year alone for memes I posted in albums from 8+ yrs ago. The ever changing fb algorithm has no sense of space &amp; time when it comes to the ban hammer. 🔨	1670217957000	FB
1599636167510532096	1189887089460097025	@MrPita4 @keniemoh4real09 fb turn	1670217956000	FB
1599636153346293760	65372223	On this date in 2016 #LesMcKeownUK #LeslieRichardMcKeown live on FB 💖\nhttps://t.co/b1XKu1xwzy\n#LesMcKeownandhisBCRS #BayCItyRollers	1670217953000	FB
1599636115576999936	1159137932	@TheMiddleBorn @Richellani I’ll fb	1670217944000	FB
1599636115371089920	3075725587	@Krystina_Death FUNNY YOU SAY THAT BECAUSE THIS JUST CAME UP ON MY FB MEMORIES https://t.co/8LGTsNzUIo	1670217944000	FB
1599636085717753856	1412790924698996742	@BrianUy1 Can confirm from one of my FB friends who checked.	1670217937000	FB
1599636076707995649	1436118878778650659	@timeguate Fb type adds 🤢🤢🤢	1670217935000	FB
1599636035742633985	809520339172675584	@76Suhel @Mrsanjaysengar @meenakshibhat82 @ghoslya_gograj @Syed_ali_wb @abhi29985842 @Saloni_solanki6 @Akhtar9415 @farhatafroz_1 @Voiceof_Javaid @Shakirali009 @UmeshThakran007 @SairaKhatoon13 @syedaltaf57 @kumarmanishsd 🍭@Sitaram_Sharma_ 🍭  \n𖤇◧◨◧◨◧◨◧◨◧◨𖤇➢²¹ᴷ\nFollow me for instaint FB	1670217925000	FB
1599636186171072512	340272403	Charcuterie Board Set With Cutlery for $20.69 (reg $25)\n\nCoupon AND code; 10U3WOF4\n\nhttps://t.co/idtkTeYumf https://t.co/8Np1zu8Ssr	1670217961000	AMZN
1599635984672784384	1476486057290248195	@gilmcgowan The convoy folk live for controversy.  On the FB pages they even have actual courses for their cult members to take so they can “turn” regular folk. This video is spot on:\nhttps://t.co/OGAsB7hZyM	1670217913000	FB
1599635978292953088	1355604149619077121	Here go @_HennyVinny wit his hatin ass FB post about the Cowboys cuz he went to a team who qb seem to be injury prone now 😂😂😂😂	1670217911000	FB
1599635968646316032	1382929208314265602	@DBZoom_YT Look at the scammers face,still free to come in our home... it be okay if she doesn't show up my blood is boiling  search it on fb "Annalyn Maximo"write any hate comments,if you really love me you're queen android 21/vomi oh and her tikshitok is anyone she knew she has no officia https://t.co/jJv7Ye3nfM	1670217909000	FB
1599635962728185857	1456975959643459591	@DebfromPA 😂 No, but I did steal the idea from a FB friend that posted the Advent calendar one...lol	1670217907000	FB
1599635959913775104	1263480269014786054	@icecreamxavera Haloo, fb yaa thankyouu 🤍	1670217907000	FB
1599635940317990912	568718794	@Rohitma51227768 @DpAadhf @RVCJ_FB @Sachin54122337 Is it first catch dropped by wicket keeper ever in history of cricket???\nSo many loop holes r there in this match, it is one among them	1670217902000	FB
1599635911071133696	1377347478	@Evanmemba Fb bro	1670217895000	FB
1599635904678592512	1638626197	@pullmydreadds @iammarrym @trashbpodcast @raphousetv2 FB says it was in Syracuse 🤣	1670217894000	FB
1599635892427456513	992097280386887680	A 35 year old Banksia Grove female has been charged by Joondalup Police with stealing from our local retailers. No tolerance will be given to shoplifting. You will be charged. #fb https://t.co/z07oiY5l7t	1670217891000	FB
1599635867345514496	1420504210999635972	Congressional Dems Show A United Front Amid Chaos Within The GOP https://t.co/EKTHFB8B30 via @FacebookWatch	1670217885000	FB
1599635857278844934	821970315332960256	@LaszloCravens @greggrosenthal @FB_FilmAnalysis I agree Jackie Daytona	1670217882000	FB
1599635854624194562	1271050567067086848	@FWBARBlE FB bestie 🤍	1670217882000	FB
1599635835112296448	1418241517743837184	Fb is done for…like FOREVER	1670217877000	FB
1599635818326335488	1598940887714758656	@john__himself Fb Br	1670217873000	FB
1599635802002427905	1283986730874437632	@Kycee_6 @keniemoh4real09 fb turn	1670217869000	FB
1599635797900419073	1599359123065171969	@keIuhkasih fb, thankyou!	1670217868000	FB
1599635778027417600	1495596436200722435	https://t.co/iNjbbzmGlq.                               The Nightly Nuge	1670217863000	FB
1599635775095611394	1522247570453540864	@IsaacHayes3 @DeionSanders @FAMU_1887 @FAMU_FB @POTUS @VP @JacksonStateU @GoJSUTigersFB @CityOfJxnMS\n@uieUN @UIEWORLD_News @uie_USACongress @UIE_List\n\n🐍FOCUS: Is 2 PROTECT HBCUs From🇺🇸KKKlan..Deion Playbook SCAMS😳2 Integrate w PWIs &amp; BREAKUP SWAC/HBCUs☻\n\nhttps://t.co/5HQuLdUxsc\n\nhttps://t.co/wklk1CQii9 https://t.co/fgraxqKow4	1670217863000	FB
1599635770306097153	1420465871911374855	@_bbynaaa fb brou, thanks	1670217862000	FB
1599635764010442753	1440191808307302402	The Big Shaw Sport's Podcast https://t.co/wjLDOXcnfw via @FacebookWatch	1670217860000	FB
1599635759098920960	2560630342	PANININDIGAN KITA CONCERT TICKET GIVEAWAY ENTRY#21\n\nfb account\n\n@BenAndBenMusic #BenAndBen https://t.co/suoww3Pd6z	1670217859000	FB
1599635747987857409	1594899258850906113	3 Reasons you should learn email copywriting:\n\n-Low barrier of entry \n\n-Easy to close clients with as a beginner (commission-based pay)\n\n-Expands to other forms of writing (Tweets, IG captions, FB Ads)\n\nDid I miss anything?	1670217856000	FB
1599635729461960704	453821405	@Iamzeedacutest Follow for fb..,,,,\n@balbirs1728 \n@l_f1i \n@donk48 \n@star_1508	1670217852000	FB
1599635703616241664	1598821541306896388	today i am thankful for the mom that sold me her extra 1/27 pit on fb	1670217846000	FB
1599635693537722369	860611838001721345	@margaret27_ @BeingSalmanKhan Fb please	1670217843000	FB
1599635668656717824	79780946	when I’m bored &amp; ain’t got nobody to talk to, i just hop on here or fb idk 😭	1670217837000	FB
1599635647844691969	781196262	@JackPosobiec Look at the timeline:\n\n1) FBI tapped @RudyGiulianiunder trumped up FARA violations\n\n2) They saw emails about laptop - knew it was coming\n\n3) Feebs warned Twitter/FB Russian disnfo coming\n\n4) Twitter blocked links to @nypost - shut down accounts\n\n1st Amendment violation or nah?	1670217832000	FB
1599635635060772867	708099250467377152	@NotQuotable That's public opinion because it was an excuse concocted by the HRC team for their embarrassing loss, and then repeated ad naseum by MSM for 4 years. \n\nIn reality, no significant mis-information campaign ever existed. FB / Google found  &lt; $200k in ads from Russia. Peanuts	1670217829000	FB
1599635632418013184	1505163399738630148	@HeavenScent88 I FB all Patriots	1670217829000	FB
1599635617742479360	1395274163217072133	lf commission\n\nlooking for someone na kayang gumawa ng jingle or change the lyrics of a song to a certain topic. for ref: https://t.co/jgXo7sATsM\n\npagawa ph only commissioner help please dm me po😭	1670217825000	FB
1599635590181314562	1584224202307272704	@RatioedBy808s @MetroBoomin i’ll tell him to drop it once i get an fb from 808s	1670217819000	FB
1599635573752283137	931482196065640448	Update to FB/insta friends I don't care if your child went to go see santa clause unless it's highly amusing and the child looks traumatised. Seeing 10 kids in a row with a suspicious man is not what I wana waste my scrolling time on.. Thank you	1670217815000	FB
1599635570338455553	1044797358611955712	@enofsky fb, thankyou!	1670217814000	FB
1599635568161619970	1513009414957006852	@brianski71 @Pitt_FB @TonyTheTigerSB @Pitt_TIX @Pitt_ATHLETICS This is an interesting match designed for TV ratings because both Pitt and UCLA fans notoriously don’t travel well. UCLA didn’t even sell out it’s game v USC. I’ll bet the stadium will be half full.	1670217813000	FB
1599635567381446656	1542028307910123520	Tulsi Gabbard: Sam Bankman-Fried is being taken care of for having the '... https://t.co/xofxnWzZAF via @YouTube The Democrats, MSM, FBI, DOJ, CIA FB, &amp; Twitter protected Hunter Biden, who is protecting SBF &amp; FTX on the biggest $20 billion fraud. No need to guess	1670217813000	FB
1599635555016245248	1578083889528061956	@CoachMorris_ @EIU_FB Dominic gray \nOsseo high \nGpa 2.26\nDL\n6,0/218\nC/O 23 \n\nhttps://t.co/xImZ8BN4eE	1670217810000	FB
1599635552617508865	1558797816298078209	Follow &amp; Support @chillypaprika ❤\n\nViratian 😎\n\n100% FB for all ✌	1670217810000	FB
1599635535332401153	3163060646	MY FRIENDS FB POST. https://t.co/1bVHFYDt8j	1670217806000	FB
1599635526088544256	1546504257729204224	SOUL LIFTING MESSAGES 24/7 BY PASTOR E. A. ADEBOYE, GENERAL OVERSEER, RCCG WORLDWIDE https://t.co/YRZDXnwREp via @FacebookWatch	1670217803000	FB
1599635490806038528	1439381170949554176	@9ValleyMaiden Thank you, I was specifically wondering about commenting, not posts but I appreciate it! I’ve already reported it to FB so hopefully they fix it.	1670217795000	FB
1599635490407186432	1474706986914631683	SOUL LIFTING MESSAGES 24/7 BY PASTOR E. A. ADEBOYE, GENERAL OVERSEER, RCCG WORLDWIDE https://t.co/YRZDXnNUGp via @FacebookWatch	1670217795000	FB
1599635456299503616	454629914	@Rajrockz1231 @vinay_Tarak143 @anumala_sathwik @MBCULT67251919 @Fuck_NTR_Haters @tarakbhaiii @LuffyTarak @Mass2727 @Tarak1221 @dead_pool9999 @tarak0999999 @Nithin_tarak431 @Sai_ChArAn_5 @NNikuenduku @User_Gagan @Rammy_NTR_fan @_Tejapaluri @MiracleMasster @HULKunos FB bro	1670217787000	FB
1599636699696738305	346406417	Union Home Minister @AmitShah, along with members of his family including his son and BCCI secretary Jay Shah, casts his votes at AMC Sub-Zonal Office in Naranpura of #Ahmedabad. \n\n#GujaratAssemblyPolls #Gujarat #GujaratElections2022 https://t.co/d0cE8Vhrry	1670218083000	AMC
1599636614321672192	1561905841468735488	$AMC *Top analyst price target for next week..📈📉🚀\nhttps://t.co/bkJyQ880AU	1670218063000	AMC
1599636612132245504	1599496786401443840	Good morning traders! 🌞\n\nNo changes to the plan today! \nhttps://t.co/2RStBn0C0I\nBest of luck 🍀🍀🍀\n\n$SPY $NDX $IWM $QQQ $BTC $ETH $AAPL $TSLA $AMC $LCID $HD $AMZN $AMD $MSFT $RDFN $RIDE $MRNA $ROKU $SNOW $BABA $HOOD https://t.co/NF0jTuKSOV	1670218062000	AMC
1599636602887688192	3944099114	@AMC_Apee I SHIT MYSELF!!!	1670218060000	AMC
1599636570394726400	1392301429876871173	#AMCTheatres #amc #animals #bunnyrescue #hamsters #animalreacue #savethebunnies Thank you to @Korn1 for the donation to #littlecrittercrew! Everyone should be following this person! Good people are hard to come by! @Korn1 is good people! @EricssonRagnar @anabelmtz86 @elonmusk	1670218052000	AMC
1599636510600736768	82501774	@AMC_Apee the real eth	1670218038000	AMC
1599636498030415873	943979822945939456	$AMC has a major debt &amp; incoming cash-on-hand problem. The $APE split was a Hail Mary boardroom maneuver to allow dilution at the expense of their meme investor base.\n\nOnly problem? From their Q3 filing, they've barely started selling and the price just keeps getting worse. (2/)	1670218035000	AMC
1599636478954729472	1445274586111614977	Good morning @KTRTRS sir , \nRecently I have tweeted about issue of land in Ahmedipur have been solved by Respected \nMadasu Srinivas (AMC chairman) , CI sir , Ahmedipur sarpanch and officials . \nThank you for being with us sir.	1670218031000	AMC
1599636449300992001	2939745266	#GujaratAssemblyPolls | Union Home Minister Amit Shah, along with his family including son and BCCI secretary Jay Shah, casts votes at AMC Sub-Zonal Office in Naranpura of Ahmedabad https://t.co/oJe5pGwBXn	1670218023000	AMC
1599636258812461057	282050428	Latest: Union Home Minister Amit Shah, along with members of his family including his son and BCCI secretary Jay Shah, casts his votes at AMC Sub-Zonal Office in Naranpura of Ahmedabad. https://t.co/rz3cQsugXW	1670217978000	AMC
1599636187299385344	3638215945	Union Home Minister #AmitShah casts his vote at AMC Sub-Zonal Office in Naranpura of Ahmedabad. \n\n@amitk_journo reports | #GujaratAssemblyPolls #GujaratElections https://t.co/2igmSYIGTV	1670217961000	AMC
1599636151710941184	1437733853448134657	Union Home Minister #AmitShah, along with members of his family including his son and BCCI secretary #JayShah, casts his votes at AMC Sub-Zonal Office in Naranpura of Ahmedabad.\n\n#GujaratAssemblyPolls (ANI) https://t.co/5Xoc8lh6lR	1670217953000	AMC
1599636137085399041	284920800	Do not get lulled into complacency as the #Nifty and #Sensex make new highs, says Aashish Somaiyaa, Chief Executive Officer, WhiteOak Capital AMC. Here's his advice for first-time investors:\n\n#investing #StockMarket #investingtips\n\nhttps://t.co/uKpq6znmgn https://t.co/v2ob2iVrvj	1670217949000	AMC
1599636083511554050	1429187852550774784	#GujaratAssemblyPolls | Union Home Minister Amit Shah, along with his family including son and BCCI secretary Jay Shah, casts votes at AMC Sub-Zonal Office in Naranpura of Ahmedabad. \n\nhttps://t.co/VlvftxArtA https://t.co/ght6WCDYaK	1670217936000	AMC
1599636066025160704	1445045242743476232	@amc_cookie_ Which one is you beautiful family	1670217932000	AMC
1599636060899721217	1489879292796628994	Imagine having 11.1K followers and this your current traffic stats to your post 🤣🤣 When he blocked me 2/3 weeks ago he had 8K followers.. Those bots aren't helping you @tspencer322..  \n\n@EduardBrichuk\n@SUSPENDEDPOS \n@POTATO_INMYASS \n@jenkovalov \n\nWe gon get paid!!!\n$AMC $APE https://t.co/RS8FeBDkXx	1670217931000	AMC
1599636046526173184	134758540	$amc Top analyst price target for next  week:~\nhttps://t.co/mE6fZtai8j	1670217927000	AMC
1599635968977698816	37034483	Union Home Minister #AmitShah, along with members of his family including his son and BCCI secretary #JayShah, casts his votes at AMC Sub-Zonal Office in Naranpura of #Ahmedabad. \n\n#GujaratAssemblyPolls https://t.co/1xEOTpsQnZ	1670217909000	AMC
1599635959686971393	1267211401518596099	@BAMinvestor Value calc - 0.5 ETH is used for 41k when ETH is at 1379 - 0.01665 per wAMC. 1.2 ETH used for 87k wAMC when ETH is same value - .01899 per wAMC. AMC value was around 15 that weekend	1670217907000	AMC
1599635854678708224	39743812	Union Home Minister Amit Shah and his family members, including his son and BCCI secretary Jay Shah, voted at the AMC Sub-Zonal Office in Naranpura area of Ahmedabad. | reported by news agency ANI  \n\n#GujaratAssemblyPolls #ElectionsWithNDTV https://t.co/UfQLMKJvZp	1670217882000	AMC
1599635796436258816	1441687215696859142	@epiphanyremy @iHaloJump @bootyhunter80 Correct. She does, however, block AMC employees.	1670217868000	AMC
1599635619600551936	1445138527700885504	Union Home Minister Amit Shah, along with members of his family including his son and BCCI secretary Jay Shah, casts his votes at AMC Sub-Zonal Office in Naranpura of Ahmedabad.  \n#GujaratElections #LIVE updates: https://t.co/17i6TFR4kw 🗳️ #ElectionsWithET https://t.co/SKGeru653b	1670217826000	AMC
1599635436036820992	1599401784593694723	@lalokitten so nice of amc to give him free food 🙏	1670217782000	AMC
1599635418513051648	1585255366912360449	Just finished watching Season 1 of @AnneRiceAuthor Interview with the Vampire on AMC. All I have to say is WHEN DO WE GET MORE? Holy shit! What an ending. #InterviewWithTheVampire	1670217778000	AMC
1599635377349746688	1586569710543437824	PLS ELON ACKNOWLEDGE ME 👀🥒\n\n$AMC $APE IYKYK https://t.co/ry4W6cYHHs	1670217768000	AMC
1599635310337753089	1050663627663888385	Union Home Minister Amit Shah, along with members of his family including his son and BCCI secretary Jay Shah, casts his votes at AMC Sub-Zonal Office in Naranpura of Ahmedabad. \n\n#GujaratAssemblyPolls https://t.co/7bgKV556Qr	1670217752000	AMC
1599635253525893120	1393032610406969344	$AMC Real-time stock analyst ratings and target your prices:- https://t.co/KvXpj5E8Mg	1670217738000	AMC
1599635200069480450	1574542830697173007	$amc Top analyst price target for next week..📈📉..🚀.....!\nhttps://t.co/W3URKdXDjR	1670217726000	AMC
1599635192230006784	1137073188	@amchodlApe YOURE A FUCKING BOT!!!! TO ALL $AMC $APE APES WE NEED TO REPORT THESE ACCOUNTS!!!!	1670217724000	AMC
1599635144251703297	1180647291142565888	AMC Plastics Letter Size DocuMate Paperwork Organizer/Arranger 9 13" x 11 63" Assorted Pack of 25-5 Each Red, Orange, Yellow, EMNKZLA\n\nhttps://t.co/lAYon6cKYl https://t.co/qgdANOJQvd	1670217712000	AMC
1599635138404823041	1402307840572682242	SCOTUS hear US\n#AMC https://t.co/XMWdSBCplZ	1670217711000	AMC
1599635103826604032	1599027070998396930	@atiku_amc PDP looks empty without Peter Obi. TBH for justice, you shouldn't have to run this time again. It was southern turn.	1670217703000	AMC
1599634913195532288	1555401244067643392	@ThatJasonB1 @DawnWP21 @gwmollusk @AMWilkin2 @AMC_Apee @elonmusk Exactly.  That explains the separation of illegal immigrants.  Is it normal that the police round up people that have not and are not suspected of "breaking" the law?  Of course not, so why is that ok at the border? Is it because they don't look like us?	1670217657000	AMC
1599634475750952960	1599040835013730304	@JWCartoonist @HalfHearted_JG A shame that one is just buried on AMC…	1670217553000	AMC
1599634467437826048	103030489	$AMZN $SPY $V $PLUG $HD $WMT $EOD $PENN $BABA $NVDA $V $AMD $PT $WMT $FSLY $PYPL $BA $BLDP $AMC $BP \n\n!!!Start trading with us!\nhttps://t.co/2RStBn0C0I https://t.co/OBgRg1y5n6	1670217551000	AMC
1599634416661237761	1599040306149826560	@bgplka #ThisIsTheWay #HODLING  #MOASS2022 #AMCSQUEEZE #GMESQUEEZE #APESNOTLEAVING #APESTOGETHERSTRONG #AMCSTOCK #WELOVETHESTOCK #AMCDAYEVERYDAY 💯$AMC $APE $2.2 Million 🦍💪💎🙌🚀🌙💵💰#iownGMEtoo Buy Lit 🔥. #HODL. Repeat.  🦍💪💎🙌🚀🌙🦍💪 Let’s F’n Go! We’re going to be so F’n Rich!	1670217539000	AMC
1599634215523737600	1371617891632742401	@diamond_squatch Need to put some lights on that AMC Christmas tree, with a few Mega Bags.	1670217491000	AMC
1599633893715763201	332547895	@cjhawk93 its really cw (imo -- look whats happening with amc, firing everyone trying to keep afloat) ........ cw &amp; amc are tv networks that ignore their tv ratings, hard to make $ when viewership is so low\n\nnexstar imo is just fixing the old leaderships mistake ... its a tv station	1670217414000	AMC
1599633775402823680	1550842229467451392	$amc Top analyst price target for next  week:~ \n https://t.co/mGPolzECfO	1670217386000	AMC
1599633469805850624	68537333	@amc_cookie_ Awwwww yeah.	1670217313000	AMC
1599633169917280261	1546882826557071360	$AMC Real-time stock analyst ratings and target your prices:- https://t.co/Wa6iUJHJ7x	1670217242000	AMC
1599633107476676608	1584515664416579584	@KiranRajput_ I'm too big fan of Quant AMC for their way better return in almost all categories including elss. Doing 3 sip in quant. Any other thing to look apart from return with Quant AMC? Planning some lumpsum too with Quant Flexi cap.	1670217227000	AMC
1599632940434006016	1467991802116546569	Heading to bed. \n\nWake me up with my $AMC and $NFLX calls printing 💰	1670217187000	AMC
1599632893244211200	1599570812301885441	$amc is set and ready for a run up: ~\nhttps://t.co/mE6fZtai8j	1670217176000	AMC
1599632881801826304	4359793937	@GarfieldKartFR I only connected it to breaking bad because they’re both made by AMC…\n\nAnyway Rockstar Games -&gt; GTA -&gt; GTA reference in family guy -&gt; family guy and Rick And Morty collab -&gt; Rick and Morty Fortnite	1670217173000	AMC
1599632869781303296	32129437	@EurekaForbes Please refund my AMC amount immediately, I will buy some other purifier	1670217170000	AMC
1599632725031673856	2605475600	I’ll never give up on a once in a lifetime movement! #AMC #APE	1670217136000	AMC
1599632549621661697	1597346937434513416	$amc Top analyst price target for next week:~'\nhttps://t.co/DrhOyVslHX.	1670217094000	AMC
1599632508370706434	166492200	@iamstevencooper Not me. I ain't selling. #AMC or #APE.    #GaryGenslerResign #KenGriffinLiedUnderOath	1670217084000	AMC
1599632459192156160	1495982431823753216	@mycubs @AMC_Apee @SBF_FTX Don't miss this you will definitely thank me later 😊🥂🎊🤝\n\nhttps://t.co/amUhJZHTFC	1670217072000	AMC
1599632424232976384	1050473390035951616	$amc Top analyst price target for next week...\nhttps://t.co/dgqGVgAvKv	1670217064000	AMC
1599632388111622144	1487069834043088901	@LucrativeLuApe will we ever know if it was a junk token transaction?  what was the value of the transaction?  I know AMC plunged 62% during this transaction window in the pic I posted	1670217055000	AMC
1599632342821539840	2379223818	@EmilyGoat4 @RosemaryLundell @BBC @LookoutPointTV @AMC_TV @AMCPlus I’m in awe!	1670217044000	AMC
1599632236948885504	1486994027979620353	@NateH62905675 @cyclistgaymer @AMC_Apee @elonmusk No one is doing that	1670217019000	AMC
1599632208977080321	1266187384552665090	@_uncleabe @phontigallo @LyricJones @Zo3hree5ive @ShermansShow @diallo Season 2 is streamable on AMC+, which I unfortunately don't have. Season 1 is on Hulu, but hopefully season 2 will be there at some point.	1670217013000	AMC
1599632062277103616	1198358599002554368	$AMZN $SPY $V $PLUG $HD $WMT $EOD $PENN $BABA $NVDA $V $AMD $PT $WMT $FSLY $PYPL $BA $BLDP $AMC $BP \n\n!!!Start trading with us!\nhttps://t.co/b11R5b3kww https://t.co/V9hNAFDX5G	1670216978000	AMC
1599632028743237632	1431843941301751818	🚨Calling ALL $APES!!🚨\n\n    After 2 years of relentless DD. Always constant, military grade, psy-op short and distorts, naked shorting, spoofing, frogs, socks, bots, and cucumbers.\n  \n       ⚠️#WeKnow #CHECKMATE $AMC $APE⚠️\n \n 🦍Who was always going to win this battle?🦍	1670216970000	AMC
1599632028525244416	1529809120152342528	What say you @GaryGensler @SECGov #AMC #APE $AMC $APE https://t.co/VefH6N67VW	1670216969000	AMC
1599631986834173954	1455371180936945670	@WalkingDead_AMC Carol is a god in women form	1670216960000	AMC
1599631861785165824	1963614620	Twitter should ban all Negative AMC stock &amp; FUD and only let the pumpers shil. #letfreedomring @gadswrothe	1670216930000	AMC
1599636908950585344	1073454101680148480	@pwajok_susan Gift Basket for Women - Spa Gift Baskets Body&amp;Earth 8 Pcs Women Bath Sets with Cherry Blossom &amp; Jasmine Scent Bubble Bath, Shower Gel, Body &amp; Hand Lotion, Bath Salts\nCheck Details Link : https://t.co/e4UM4RgLXv\n#fashion #beautiful #beauty #woman #Body #EarthBody #Earth	1670218133000	AMZN
1599636883344007168	761776401125105665	https://t.co/LRQSSyGceG\nNintendo Wii U Console - 32GB Black Deluxe Set\n\nThis advertisement contains an Amazon Affiliate link that may result in a paid commission.	1670218127000	AMZN
1599636873609375744	1576421886321303552	@lebontabeni Gift Basket for Women - Spa Gift Baskets Body&amp;Earth 8 Pcs Women Bath Sets with Cherry Blossom &amp; Jasmine Scent Bubble Bath, Shower Gel, Body &amp; Hand Lotion, Bath Salts\nCheck Details Link : https://t.co/e4UM4RgLXv\n#fashion #beautiful #beauty #woman #Body #EarthBody #Earth	1670218125000	AMZN
1599636836603023361	1599496786401443840	BUY NOW:- https://t.co/iLVVIXVedX	1670218116000	AMZN
1599636834698416128	1275263857980616705	$SPY $TSLA $AMZN $AAPL $MSFT $NFLX $PYPL  $BABA $MA $MU $M $BA $BBBY TOP stocks targeted for next week https://t.co/2RStBmIsMA https://t.co/UDdxZ6qCd7	1670218115000	AMZN
1599636780894285824	2680729040	@Kayadulohar Gift Basket for Women - Spa Gift Baskets Body&amp;Earth 8 Pcs Women Bath Sets with Cherry Blossom &amp; Jasmine Scent Bubble Bath, Shower Gel, Body &amp; Hand Lotion, Bath Salts\nCheck Details Link : https://t.co/e4UM4RgLXv\n#fashion #beautiful #beauty #woman #Body #EarthBody #Earth	1670218103000	AMZN
1599636779337977856	1578109223979913217	Source:https://t.co/QS5HVOefYq Dolls made to look like us … with a variety of skin tones and curly hair textures made for the black and brown community #Blackqueen https://t.co/jmxoPJR9Rs	1670218102000	AMZN
1599636776808632321	2360121187	BUY NOW:- https://t.co/GVd2asVKrc	1670218102000	AMZN
1599636749759684608	318774557	GREAT Lumbar Support Pillow:\nhttps://t.co/2jzKkrZemW	1670218095000	AMZN
1599636737093160960	1126353570821963778	#AMZN is down 19% after hours with the most recent earnings report https://t.co/E2KHTvbIWp	1670218092000	AMZN
1599636727488184321	1578107735119433731	@ThrowbackTaylor Gift Basket for Women - Spa Gift Baskets Body&amp;Earth 8 Pcs Women Bath Sets with Cherry Blossom &amp; Jasmine Scent Bubble Bath, Shower Gel, Body &amp; Hand Lotion, Bath Salts\nCheck Details Link : https://t.co/e4UM4RgLXv\n#fashion #beautiful #beauty #woman #Body #EarthBody #Earth	1670218090000	AMZN
1599636691022745600	1561905841468735488	Wireless Charger RGB Gaming Mouse Pad for $25.99 (reg $40)\n\nCoupon AND code; 15I191CX\n\nhttps://t.co/If5hQTNtFL https://t.co/YPRKWVU9yk	1670218081000	AMZN
1599636688569262080	1545292379489697792	𝗨𝗻𝗰𝗹𝗲 𝗗𝗼𝗻™ Comedy Books are the only relevant humor publications \nIn the United States today. \n\nVisit his Amazon page and website!\nhttps://t.co/C4uWCUHuGH \nhttps://t.co/wsvwuyY2sL \n  #AuthorUpROAR #MasterBlaster @donsmalley79 https://t.co/Kibjjg0IX1	1670218081000	AMZN
1599636686132350977	1583342820202786816	Best discord group over 80k members and even have their own app join here \n\nhttps://t.co/2RStBn0C0I\n\n$TSLA $NVDA $BABA $ZM $TLRY $ABNB $PYPL $EDIT $AMZN $GME $BIDU $FUBO $NFLX $BA $SPY $QQQ $UVXY $AAPL $AVGO $SNDL $FB $FSLY $OSTK $NNOX $PLTR $PTON https://t.co/wPeF33ifwV	1670218080000	AMZN
1599636685242998784	1564515791495643136	Get the Dungeons &amp; Dragons Player’s Handbook for under $20\n\n61% off\n\n#ad https://t.co/uDCpnGNHhs https://t.co/ME5Rw9DB0U	1670218080000	AMZN
1599636681757294592	1576216286144729088	FOMOOWorld #Stock #Trading #Challenge Raffle\n\nWhich stock makes the best performance this week\n#HD\n#TSLA\n#AMZN\n#TSMC\n#META\n\n6X WL GIVEAWAY RAFFLE 62h\n\nRegister for challenge raffle\n win\n1 Follow @fomooworld\n2 Like &amp;amp; RT\n3 Comment https://t.co/vgh3M2yFyV	1670218079000	AMZN
1599636675524976640	1578031089628504069	$AMZN *Top analyst price target for next week..📈📉🚀\nhttps://t.co/bkJyQ880AU	1670218077000	AMZN
1599636667400613888	1586315038314594304	Redmi Earbuds 3 Pro TWS in-Ear Earbuds with Mic,30 Hours Playback, Bluetooth 5.2, Qualcomm® aptX™ Adaptive Audio Technology, 86 ms Low latency,  Touch Control \n\nat Rs.2,590\n\nMRP : 4,990\n\nhttps://t.co/nipMU5xd3T\n\n#AmazonIndia #heartattack #GPay #Flipkart  #Deals #discount	1670218075000	AMZN
1599636664808529920	900617420938674176	https://t.co/HwDcE59DFN\nNintendo Wii U Deluxe Set: Super Mario 3D World and Nintendo Land Bundle - Black 32 G\n\nThis advertisement contains an Amazon Affiliate link that may result in a paid commission.	1670218075000	AMZN
1599636624367026176	1598949684525125633	@kateStrasdin @phxart Gift Basket for Women - Spa Gift Baskets Body&amp;Earth 8 Pcs Women Bath Sets with Cherry Blossom &amp; Jasmine Scent Bubble Bath, Shower Gel, Body &amp; Hand Lotion, Bath Salts\nCheck Details Link : https://t.co/e4UM4RgLXv\n#fashion #beautiful #beauty #woman #Body #EarthBody #Earth	1670218065000	AMZN
1599636614741110784	1578097288529969153	BUY NOW:- https://t.co/eymPs5nOhO	1670218063000	AMZN
1599636592372879360	1574766353541918720	Fashimo Latest Women's Fashion Sandals S-4\n\nMRP:₹ 499\nStylish Sandals\n\n#amazon\n\nhttps://t.co/gXlEEs94Ik	1670218058000	AMZN
1599636592079298561	841850514849517569	@DailyLoud Gift Basket for Women - Spa Gift Baskets Body&amp;Earth 8 Pcs Women Bath Sets with Cherry Blossom &amp; Jasmine Scent Bubble Bath, Shower Gel, Body &amp; Hand Lotion, Bath Salts\nCheck Details Link : https://t.co/e4UM4RgLXv\n#fashion #beautiful #beauty #woman #Body #EarthBody #Earth	1670218058000	AMZN
1599636573502394368	2987359185	#UkraineRussianWar  #Farhania #Ukraine️  #USAvIRN\n#EngvsPak #SayNoToNepotism  #OpenSeaMueller \nUltra-Stick 500 Watt 9-Speed Immersion Multi-Purpose Hand Blender Heavy Duty Copper Motor Brushed 304 Stainless Steel With Whisk, Milk Frother Attachments\nhttps://t.co/2sHEuqNrtn https://t.co/uSFrncZ9tA	1670218053000	AMZN
1599636506037039104	1596450439989547008	ASUS ZenBook Pro Duo 15 OLED UX582 Laptop, 15.6” OLED 4K UHD Touch Display, Intel Core i7-10870H, 16GB RAM, 1TB SSD, GeForce RTX 3070, ScreenPad Plus, Windows 10 Pro, Celestial Blue, UX582LR-XS74T\nhttps://t.co/hxlZ5D00F2 https://t.co/ZqXnEg5ebq	1670218037000	AMZN
1599636496772116481	2923571768	Lee cooper Goggle Style Eye Shield Rs.299\nhttps://t.co/hwlpSRRs3a	1670218035000	AMZN
1599636490870751232	1526299413026525186	@lovedoveclarke @LeahsLounge Gift Basket for Women - Spa Gift Baskets Body&amp;Earth 8 Pcs Women Bath Sets with Cherry Blossom &amp; Jasmine Scent Bubble Bath, Shower Gel, Body &amp; Hand Lotion, Bath Salts\nCheck Details Link : https://t.co/e4UM4RgLXv\n#fashion #beautiful #beauty #woman #Body #EarthBody #Earth	1670218033000	AMZN
1599636464421072896	1518761905061609473	NIBOSI Men Watches From Rs.1299\n\nhttps://t.co/j6sqEiR6S2\n\n+ Extra Discount Coupon On Some	1670218027000	AMZN
1599636455797960704	974948744281108480	71% Off : Fila Women's Loose Fit Cotton Tights at ₹484/- Only \n\nSize - M : https://t.co/QxkfTeudYW	1670218025000	AMZN
1599636433475510273	1160955225462726656	Foot and Leg Massager for only $134.99, retail $333!!\n\n- Automatic $100 off discount\n- $75 off coupon on page\n- Use promo code; 10YAHOOCM\n\nhttps://t.co/uDgaHwHm7G https://t.co/pkrzJDgyWD	1670218020000	AMZN
1599636417961156608	1579680045421019150	@swiftoursonggg Gift Basket for Women - Spa Gift Baskets Body&amp;Earth 8 Pcs Women Bath Sets with Cherry Blossom &amp; Jasmine Scent Bubble Bath, Shower Gel, Body &amp; Hand Lotion, Bath Salts\nCheck Details Link : https://t.co/e4UM4RgLXv\n#fashion #beautiful #beauty #woman #Body #EarthBody #Earth	1670218016000	AMZN
1599636390597124096	1577695321185865728	https://t.co/mI7FfBVFWV\nFar Cry 6 Xbox Series X|S, Xbox One Standard Edition [Digital Code]\n\nThis advertisement contains an Amazon Affiliate link that may result in a paid commission.	1670218009000	AMZN
1599636385874726921	1570539850704769024	@momentsofence Gift Basket for Women - Spa Gift Baskets Body&amp;Earth 8 Pcs Women Bath Sets with Cherry Blossom &amp; Jasmine Scent Bubble Bath, Shower Gel, Body &amp; Hand Lotion, Bath Salts\nCheck Details Link : https://t.co/e4UM4RgLXv\n#fashion #beautiful #beauty #woman #Body #EarthBody #Earth	1670218008000	AMZN
1599636379159302144	1343103475928817665	Echo Dot (3rd Gen, 2018 release) - Smart speaker with Alexa - Charcoal\nhttps://t.co/KN69ZI799t\n\n#Amazon #Speaker\n#EchoDot #tecazon https://t.co/XmRBdz2JQK	1670218007000	AMZN
1599636366522187776	144883123	It was a mistake to end Amazon locker free shipping pickups under $25. A dirty move. Why would i pay to have to go pick up a $10  stack of construction paper  when I can just go staples store even closer Makes no sense whatsoever.#amzn https://t.co/NyYS08UmIC	1670218004000	AMZN
1599636349455405057	1481953133593088005	@MegaTheVile Hey there! We understand your concern. Here's a helpful link you can use to help improve your recommendations: https://t.co/1wcI9ZCoH7. We hope this helps. -Ronda	1670218000000	AMZN
1599636343570976768	500459662	$amzn Top analyst price target for next  week:~ \n https://t.co/cK9SaNeufC	1670217998000	AMZN
1599636317695922176	777584195694583809	Figures 1425\nhttps://t.co/2S4svBCgxU  via amazon \nhttps://t.co/NDOnUNHKK5	1670217992000	AMZN
1599636291204923393	1175038277184700416	Beautiful woman by day, blood lusting cougar by night, Berenice is the guardian of an ancient vampire knowledge.\nhttps://t.co/KzjLXuWlUc\n"@persimew lesfic #lesbian #erotic IARTG ASMSG KindleUnlimited shifters paranormal fantasy https://t.co/6Azc0Q7uLy	1670217986000	AMZN
1599636281344286721	1568544497730031617	@Anikhaofficial_ Gift Basket for Women - Spa Gift Baskets Body&amp;Earth 8 Pcs Women Bath Sets with Cherry Blossom &amp; Jasmine Scent Bubble Bath, Shower Gel, Body &amp; Hand Lotion, Bath Salts\nCheck Details Link : https://t.co/e4UM4RgLXv\n#fashion #beautiful #beauty #woman #Body #EarthBody #Earth	1670217983000	AMZN
1599636278290415616	1574079168962351110	NanoSteamer Large 3-in-1 Nano Ionic Facial Steamer with Precise Temp Control - 30 Min Steam Time - Humidifier - Unclogs Pores - Blackheads - Spa Quality - Bonus 5 Piece Stainless Steel Skin Kit https://t.co/uLePiq4Dit via @amazon https://t.co/jFgCBFvz0Q	1670217983000	AMZN
1599636248028651520	854681849079234561	@YoBarajas We're sorry to hear about this. You can view your refund/replacement options for this item here: https://t.co/sa4jRlMZzs. If none of the options suit your needs, please reach out to us here: https://t.co/hApLpMlfHN. We'll be happy to help. -Tasha	1670217975000	AMZN
1599636172472430592	34092386	https://t.co/sp2xHE0mx2\nUnravel 2 - Xbox One [Digital Code]\n\nThis advertisement contains an Amazon Affiliate link that may result in a paid commission.	1670217957000	AMZN
1599637128899489792	1599496786401443840	$SPX $SPY $ES_F $DJI $QQQ $NDX $FB $AMZN $AAPL $MSFT $NFLX $GOOGL $TSLA \nTo stay updated with trading experts join here https://t.co/2RStBmIsMA https://t.co/zmcA3gH3Wk	1670218186000	MSFT
1599636905456345088	1561905841468735488	Trading group for help&gt;https://t.co/2RStBmIsMA\n\n$DAC $GM $X $WMT $SPY $CNK $MDNB $SPOT $JD $TNXP $JNUG $CVS $UVXY $VIX $GLD $SDC $DOCU $BILI $MPC $AZUL $TDOC $NVAX $JNJ $SRNE $BFRA $MSFT $BIGC $IDEX https://t.co/L03PcRzyPf	1670218132000	MSFT
1599636464215937025	1529101091782414337	$MSFT *Top analyst price target for next week..📈📉🚀\nhttps://t.co/bkJyQ880AU	1670218027000	MSFT
1599635633081053185	1574542168479485962	$MSFT Top analyst price target for next week- https://t.co/G1CXM2QK2F	1670217829000	MSFT
1599635497927966720	1599032976926539779	$MSFT Real-time stock analyst ratings and target your prices:- https://t.co/KvXpj5E8Mg	1670217797000	MSFT
1599634724661915648	1599483927240269825	Below are the market cap for the b dogs.\n\nWe are long #FB, #NFLX and #MSFT.\n\nOur bgest mover today is #AUDC which is up almost 8% and testing the 50 moving average as we get ready for the London close.\n\n#trendtrading #stockstowatch https://t.co/BaWfyAosdM	1670217612000	MSFT
1599634692256501760	2905415430	#Cision: Medical Metaverse Company, Apoqlar, Receives Fda 510(K) Clearance For Its Mixed Reality Surgical Planning Platform, Vsi Holomedicine® $MSFT. Via: https://t.co/tsVpYNxrnE https://t.co/mQQWkWjqc7	1670217605000	MSFT
1599634204090052608	1569197775556059137	@amasad Lot of responses are standard - MSFT, Google, Tesla, Nvidia.. but all are obviously over valued and might fetch decent but not extraordinary returns. \n\nA better Q would be to limit it to small/ mid cap.	1670217488000	MSFT
1599633532472524800	1332201268027285504	Russia is boosting its cyberattacks on Ukraine, allies, Microsoft says\nhttps://t.co/RNMzG5KTQC\nMore news about $MSFT on #TickerTick https://t.co/jML21heDyQ	1670217328000	MSFT
1599633413928980480	1561354814440607744	$MSFT Real-time stock analyst ratings and target your prices:- https://t.co/Wa6iUJpzTp	1670217300000	MSFT
1599633256152170497	846070511620673536	$MSFT Top analyst price target for next week📈📉..🚀\nhttps://t.co/W3URKdXDjR	1670217262000	MSFT
1599632879700840448	1554447222485716994	$msft is set and ready for a run up: ~\nhttps://t.co/mE6fZtai8j	1670217172000	MSFT
1599632345078063105	732626527	$msft Top analyst price target for next week...\nhttps://t.co/dgqGVgAvKv	1670217045000	MSFT
1599631028720926720	229311774	$MSFT Real-time stock analyst ratings and target your prices:- https://t.co/LwmGehfB3F	1670216731000	MSFT
1599630518294675456	1119063948689596417	Just finished building a stock screener and after running it on the Weekly timeframe. Most of these stocks are looking really good! Impressed that  Itrix MSCI USA ETF made the list amongst the likes of #AMGN #ILMN #EA #PZZA #AMZN #MSFT @Magda_Wierzycka https://t.co/pR83oqzEi7	1670216609000	MSFT
1599630205379039234	76488342	$BTC  $LUNC $MSFT   Top analyst price target for next week. https://t.co/yIQDOC9NOn	1670216535000	MSFT
1599630177071267840	530804584	#MarketsGoogleRSS\n#Earnings #EconomyMonetary #FinancialMarkets #Technology \n#SomewhatBullish\n$MSFT $THNOF \n2022/12/05 13:31\nhttps://t.co/fxewvTiwbr	1670216528000	MSFT
1599637430016954368	1599496786401443840	STOCK, OPTIONS updates, alerts Free chatroom \nhttps://t.co/2RStBmIsMA\nDon't forget to take a trial!\n\n$SPY $BABA $DVAX $ACB $OSTK $TRIL $LK $CODX $SAVE $GSX $INO $KSS $PENN $NVAX $NIO $AAL $NKLA $MSFT $AAPL $AMZN $TSLA $CCL $BILI $CVNA $DAL $TWTR https://t.co/spGrNuNQIf	1670218257000	AAPL
1599637069437235200	1561905841468735488	$aapl Top analyst price target for next week.~\nhttps://t.co/TzKKjwjAuC	1670218171000	AAPL
1599636984149860352	1574766353541918720	Join the most profits trading alerts chatroom&gt;https://t.co/2RStBmIsMA\n\n$SPY $QQQ $NDX $DIA $IWM $NFLX $FB $INTC $SMH $AAPL $NVDA $TSLA $ES $YM $AMZN $BA $GS $JPM https://t.co/zREwuSvQt2	1670218151000	AAPL
1599636648526237696	1530044384091074561	$AAPL *Top analyst price target for next week..📈📉🚀\nhttps://t.co/bkJyQ880AU	1670218071000	AAPL
1599636534722187264	2931789174	$aapl Top analyst price target for next  week:~ \n https://t.co/cK9SaNeufC	1670218044000	AAPL
1599636046979170304	1332192259966599171	@financialjuice The level of productivity and efficiency we see now in modern CN wasn't cultivated in a day. With such news headlines, the folks in CN won't take such 'disloyalty' lightly. AAPL can leave now, but it won't be easy to make a re-entrance after the dust settles.	1670217928000	AAPL
1599637643637444608	1527861938713432064	$TSLA Real-time stock analyst ratings and target your prices:- https://t.co/pYZi9LueHy	1670218308000	TSLA
1599637574930161664	902044744007737350	If $TWTR remained a public company after @elonmusk bought it...\n\n$TSLA https://t.co/yULENU3iib	1670218292000	TSLA
1599637356776390656	1479167778603085829	Hey guys, check out this chat room. It's been around since 2015, with real traders helping each other profit.https://t.co/2RStBn0C0I\n\n$JE $PT $MARA  $STC $BTO $CSIQ $TATT $D $TSLA $NIO $GGAL $GS $LIVE $EXPI $ELP $ARCO $EGRX $ORA $NVTA $AMWL $VGR $CFB https://t.co/44d8o0gVuL	1670218240000	TSLA
1599637199800221696	1539543437686386689	$TSLA is trending on FinTwit US · Up 0.08% previous day, and 17.25% up from 52w/l · 73.65M shares traded · 615.32B Mkt. Cap · 2.66B floating shares. A good buy? Take a look https://t.co/sbR59BA9ks	1670218202000	TSLA
1599637095559356416	1578107735119433731	$tsla Top analyst price target for next week.~\nhttps://t.co/TzKKjwjAuC	1670218178000	TSLA
1599636692511911938	1477741049451663364	$TSLA *Top analyst price target for next week..📈📉🚀\nhttps://t.co/bkJyQ880AU	1670218081000	TSLA
1599636628716150784	1579680045421019150	Options for Beginners: \n\n•A cash account with $1,000 to $5,000 \n\n•30–50% Gain each transaction \n\n•Max Loss per Trade: 10%–15% \n\n•Liquid Contracts only \n\n•Trade $NVDA, $SPY, $QQQ, &amp; $TSLA \n\n•NO Income \n\n•A+ setups only \n\n•5-10-20 Min Sar / VWAP / 9EMA \n\n•Create a plan	1670218066000	TSLA
1599636556259610624	1439240340821536773	$tsla Top analyst price target for next  week:~ \n https://t.co/cK9SaMWl1u	1670218049000	TSLA
1599636344158191617	1582109720948637710	Most profitable crypto community sarver with Live alert quality update ,free LESSONS ,best analysis and free trial join here.🙏\nhttps://t.co/izlO7iGeSE\n\n$BTC $ETH $BNB $DOGE $XRP\n $BTS $DEXE $RAY $QI $MFT\n  $YFII $VGX $WING $APT $IDEX\n $LTC $MATIC $ADA $LINK $DOT\n$SPX $TSLA $FDX https://t.co/TMfkvYhkYk	1670217998000	TSLA
1599636253569593344	1579141241266225154	@PolitiReality @GerberKawasaki @garyblack00 @WholeMarsBlog I think the key to when to cover is more about where we are in the macro cycle than what the price is.  $tsla could go be a better short from $150 to $10 than it has been at any other point. It could also reverse at $100 if Eg the cycle turns to rising growth	1670217977000	TSLA
1599636243692032000	1438259024521166848	This would be an interesting place for crypto to bounce \nhttps://t.co/izlO7iGeSE\n\n$BTC $ETH $BNB $DOGE $XRP\n $BTS $DEXE $RAY $QI $MFT\n  $YFII $VGX $WING $APT $IDEX\n $LTC $MATIC $ADA $LINK $DOT\n$SPX $TSLA $FDX $QQQ https://t.co/4e2pcrMlrJ	1670217974000	TSLA
1599636155057983489	1274459006522855425	⚡️​​Trending Searches by\n\n CoinGecko...\nhttps://t.co/izlO7iGeSE\n\n$BTC $ETH $BNB $DOGE $XRP\n $BTS $DEXE $RAY $QI $MFT\n  $YFII $VGX $WING $APT $IDEX\n $LTC $MATIC $ADA $LINK $DOT\n$SPX $TSLA $FDX $QQQ https://t.co/Hswmd993mt	1670217953000	TSLA
1599636148690636800	2802327531	@PolitiReality I truly hope you’re wrong, because the only reason $TSLA would trade at 66 is if the world was ending and Tesla AI took over. (69 seems a more likely choice) JMO\n\n✨ https://t.co/N84EMVpCIx	1670217952000	TSLA
1599636140599873536	2300626969	$KODK $DOW $GNUS $IDEX $BOXL $BABA $TSLA $TAOP $JFK $CEMI $SPY $QQQ $SHOP $AMZN $NVDA $ROKU $EBAY $AMD $BB $DAL $DOCU \nAlerts before spikes and right as big news drops\nFree discord chatroom:https://t.co/2RStBmIsMA https://t.co/vMIRhGiSjh	1670217950000	TSLA
1599636028268376064	4869785123	Start trading 6months ago and made 5k to $49k Big thanks to this\nhttps://t.co/izlO7iGeSE\n\n$BTC $ETH $BNB $DOGE $XRP\n $BTS $DEXE $RAY $QI $MFT\n  $YFII $VGX $WING $APT $IDEX\n $LTC $MATIC $ADA $LINK $DOT\n$SPX $TSLA $FDX $QQQ https://t.co/UcIXXaiC6c	1670217923000	TSLA
1599637896675627013	1599496786401443840	“Invest in what you consume” - Sha Osman\nhttps://t.co/2RStBn0C0I\n\n$LCID $AMZN $MSFT $HCMC $AAPL $SPY $TSLA $FB $GOOG $BABA $SQ $NFLX $NVDA $BTC $SHOP $AMC $GME $ACIW, $TLRY, $SOLO, $INDI, $FDX, $TSLA, $TAL, $NVDA, $XOM, $CPB, $OPEN, $DKNG https://t.co/9cE1jXNBHF	1670218369000	NVDA
1599637778299437056	1527861938713432064	$NVDA Real-time stock analyst ratings and target your prices:- https://t.co/pYZi9Lc5tq	1670218340000	NVDA
1599636629773508609	1561905841468735488	$nvda Top analyst price target for next  week:~\nhttps://t.co/mE6fZtai8j	1670218067000	NVDA
1599636623289090049	1530044384091074561	$NVDA *Top analyst price target for next week..📈📉🚀\nhttps://t.co/bkJyQ880AU	1670218065000	NVDA
1599635963231469568	1599401784593694723	Need Fast Computer? AMD RYZEN 9 7950X #Gaming PC Nvidia $NVDA RTX 4090 - 32GB DDR5+2TB SSD+16TB HDD+WiFi! https://t.co/wqBwdBrWRy - Buy on eBay #Computer #ad https://t.co/7mGqi47JCi	1670217908000	NVDA
1599635228884348928	1538914723613138945	$NVDA Real-time stock analyst ratings and target your prices:- https://t.co/KvXpj5E8Mg	1670217733000	NVDA
1599633989157154816	1554447222485716994	$SPY $ASS $BTC $ETH $LINK $MATIC $DOT $ADA $DOGE $SHIB  $PACE $NVDA $KIDS $FEG $PAWG \n\nBEST DISCORD GROUP 90k MEMBERS JOIN US https://t.co/2RStBn0C0I https://t.co/7jsYxUPRPC	1670217437000	NVDA
1599633709996511232	101134748	$NVDA near ATM options analytics \n\nExpiry Date: 09 December 2022\n\nLast Traded Price: $168.76\n\nATM Call-Put Ratio: 1.85 \n\n$165.0 strike received highest open interest with a call-put ratio of 1.24 \n\n#options $SPY \n\nCheck out our tool at: \nhttps://t.co/LAvUlvRUG9 https://t.co/KMzA3Ox5eR	1670217370000	NVDA
1599633322073653253	1597397267333664768	📈 Performance of some of the fellow traders of our Community .\nhttps://t.co/2RStBmIsMA\nCalculated risk ,Great Analysis, Regular Alerts🚀\n\n🎉\n\n$SPY $TSLA $SHOP $AMZN $NVDA $ROKU $EBAY $BB $MRNA $NOK $OXY $CRON $DGLY $PENN $GMBL $CRM $BA $WKHS $NIO $TWTR https://t.co/Qty9Iezsls	1670217278000	NVDA
1599633145514823680	68746721	$NVDA Real-time stock analyst ratings and target your prices:- https://t.co/Wa6iUJHJ7x	1670217236000	NVDA
1599633103072264194	1065541211912634368	$NVDA Top analyst price target for next week📈📉..🚀\nhttps://t.co/W3URKeeGlR	1670217226000	NVDA
1599632862281859073	1361427824696045570	$nvda is set and ready for a run up: ~\nhttps://t.co/mE6fZtai8j	1670217168000	NVDA
1599632508714471424	1570106924716421121	AI comes to retail in our new chapter of I AM AI. Find out how #AI is driving smarter #shopping and faster delivery at every step in #retail -- from the warehouse to your house. Enjoy your journey with AI. https://t.co/wnppLEGcl0\n\nhttps://t.co/x81KkyyRMb	1670217084000	NVDA
1599632297904349184	1330006124041474048	$SPY $ASS $BTC $ETH $LINK $MATIC $DOT $ADA $DOGE $SHIB  $PACE $NVDA $KIDS $FEG $PAWG \n\nBEST DISCORD GROUP 90k MEMBERS JOIN US https://t.co/b11R5bknyw https://t.co/TrereiuQzt	1670217034000	NVDA
1599632225502257153	168910853	📈 Performance of some of the fellow traders of our Community .\nhttps://t.co/b11R5bknyw\nCalculated risk ,Great Analysis, Regular Alerts🚀\n\n🎉\n\n$SPY $TSLA $SHOP $AMZN $NVDA $ROKU $EBAY $BB $MRNA $NOK $OXY $CRON $DGLY $PENN $GMBL $CRM $BA $WKHS $NIO $TWTR https://t.co/HSJB7mjiJE	1670217016000	NVDA
1599631307814100992	1373850046068715523	@amasad Other than NVDA, the best are EXAI, ABCL	1670216798000	NVDA
1599638048110653440	1599496786401443840	Best discord group over 80k members and even have their own app join here \nhttps://t.co/2RStBmIsMA\n\n$ACN $FB $NFLX $DLTR $EA $SPY $SPX $DJIA $HD $GS $BA $GDX $VZ $WDC $AMD $ADSK $V $CAT $JPM $PLUG https://t.co/wYdsP22KUf	1670218405000	NFLX
1599637818220761089	1574542168479485962	Highest volume options in the last hour:https://t.co/2RStBmIsMA\n\n$IRNT, $PM, $PCG, $APO, $SKLZ, $CRWD, $CSTM, $SPIR, $MVST, $SWN, $BAC, $TSLA, $BNS, $XP, $KSS, $ADSK, $WMG, $BBIG, $WFC, $OSTK, $PETS, $AAL, $AMZN, $MNKD, $MDLZ, $FCEL, $ACB, $MRK, $NFLX https://t.co/TQwhHtfo9p	1670218350000	NFLX
1599635923402387456	1439240340821536773	$NFLX Real-time stock analyst ratings and target your prices:- https://t.co/KvXpj5E8Mg	1670217898000	NFLX
1599633840141918209	1330006124041474048	$NFLX Real-time stock analyst ratings and target your prices:- https://t.co/Wa6iUJHJ7x	1670217401000	NFLX
1599632238530134016	1599078262340489221	#Netflix $NFLX Hourly Chart\n#SuperTrend suggests #Bullish trend\n#Support level at 313.9\n#SmoothedHeikenAshi suggests #Bullish trend\nRelative Strength Index (#RSI) in #Overbought zone\nStart #investing in #GlobalStocks at https://t.co/peLniHQjpl \n#Investor #Trading https://t.co/1MsmDMRCbn	1670217020000	NFLX
1599632116513284096	1577300138816671746	Monday, December 5 watchlist \n$SPY $SPX $QQQ $VIX\n\nTop watches \n$NFLX\n$DG\n$TGT https://t.co/hMs4qWWC7D	1670216990000	NFLX
1599631455340359680	1433269359745581058	$NFLX Real-time stock analyst ratings and target your prices:- https://t.co/LwmGehfB3F	1670216833000	NFLX
1599631298318192641	1599444582827278337	$NFLX\n\nLevels for this weeks options Daytrades, long currently, over the highs of last week we see more upside towards 330-334, won’t be looking for shorts til we pivot under 310 https://t.co/F2zHPoALXu	1670216795000	NFLX
\.


--
-- Data for Name: twitter_user; Type: TABLE DATA; Schema: public;
--

COPY public.twitter_user (tu_user_id, tu_profile_image_url, tu_username, tu_display_name) FROM stdin;
1538914723613138945	https://pbs.twimg.com/profile_images/1599630362405408769/XY2ykSRg_normal.jpg	stockbest2	Stock Best
1599483927240269825	https://pbs.twimg.com/profile_images/1599484083343695872/gl2gY8VL_normal.jpg	madoddsad	maddock
1576897587935944704	https://pbs.twimg.com/profile_images/1576897721331482624/-qynKZBm_normal.jpg	xgcjwuych11566	xgcjwuych11566
2905415430	https://pbs.twimg.com/profile_images/1430670368960704513/sN3kclbe_normal.jpg	LymelightTO	cmills.eth
903825144161775617	https://pbs.twimg.com/profile_images/1446124022450638854/GFNORZ6p_normal.jpg	AAPLinsights	AAPL Insights
1545303540125802499	https://pbs.twimg.com/profile_images/1545304846525661185/bzqS0on3_normal.jpg	YDMU_Markets	Your Daily Market Updates
1278869471436828673	https://pbs.twimg.com/profile_images/1370209311876472832/YWsEtOqN_normal.jpg	TickerTick_com	TickerTick.com
1552927108460351488	https://pbs.twimg.com/profile_images/1598583045619011585/fVrvpzTF_normal.png	Mrjonso64929896	Lucy Richards
322410783	https://pbs.twimg.com/profile_images/1575294699/usethis_normal.jpg	JamesGarrisonx	James Garrison
1529809120152342528	https://pbs.twimg.com/profile_images/1529809257025003521/nazdfKUq_normal.jpg	MurielFloyd18	Muriel Floyd
1591253878049161218	https://pbs.twimg.com/profile_images/1591254069443559424/bxlcf_8p_normal.jpg	MurariM21623320	MurariMohan
1554423958761607168	https://pbs.twimg.com/profile_images/1581339634273062912/xd-ckhiK_normal.jpg	Sentimedia_io	Sentimedia.io
1134049078424162304	https://pbs.twimg.com/profile_images/1166658906610786306/Z397yIAD_normal.jpg	newsfilterio	Investor News
1963570194	https://pbs.twimg.com/profile_images/1531246507143270400/OBOkqJ4G_normal.jpg	RRli18	x-news
2802327531	https://pbs.twimg.com/profile_images/1318034735357071361/cJLPqxEc_normal.jpg	Dowstrademus	Dowstrademus
1332201268027285504	https://pbs.twimg.com/profile_images/1591285001177423874/KPRQTxHx_normal.jpg	trendsdividends	Trends and Dividends
1155557820395327488	https://pbs.twimg.com/profile_images/1155558618282020864/t6YZrfSB_normal.jpg	vestrend	Vestrend
1119063948689596417	https://pbs.twimg.com/profile_images/1119087724688883712/z2ZI7h2k_normal.png	GoldmanSachBOT	EquityMarketPredictor
1354599142392295433	https://pbs.twimg.com/profile_images/1525637757447688192/EzVO7h1E_normal.jpg	fintwit_synapse	FINAP$E⚡
1349640174	https://pbs.twimg.com/profile_images/1550447899720310784/Wc0-Herh_normal.jpg	HoodieOnVeshti	Akash Sriram
846070511620673536	https://pbs.twimg.com/profile_images/1563596997621592064/Ju9zSgs-_normal.jpg	arnobk14	Stock-Alerts
1486994027979620353	https://pbs.twimg.com/profile_images/1592095925517762560/1LKL0zME_normal.jpg	Ava000006	Ava
1250317271869734912	https://pbs.twimg.com/profile_images/1381575871883010055/UP-UkhMg_normal.jpg	CryptoBcl	-\\-
1599350199805444096	https://abs.twimg.com/sticky/default_profile_images/default_profile_normal.png	jakson70006751	willow
612135517	https://pbs.twimg.com/profile_images/736719417908690945/7puYx-nQ_normal.jpg	TradeTexasBig	🇺🇲@TradeTexasBig@mastodon.online🇮🇳
893305069059403776	https://pbs.twimg.com/profile_images/1163545859084169216/nf2WsSZk_normal.jpg	leoventuresllc	Leo Ventures
1554447222485716994	https://pbs.twimg.com/profile_images/1592918380386082816/QB0wXYDB_normal.jpg	Piperhar989811	Nilasha
1527866588950855680	https://pbs.twimg.com/profile_images/1527866693997187072/BE0a3S5U_normal.jpg	HenriettaBrid19	Henrietta Bridges
1597397267333664768	https://abs.twimg.com/sticky/default_profile_images/default_profile_normal.png	Bravo53799894	Bravo
1585453594962165762	https://pbs.twimg.com/profile_images/1599590496850132998/vDIxjyEf_normal.jpg	Eclip2002	CCCalls
1446517487676399626	https://pbs.twimg.com/profile_images/1550871820571758592/8VFxkunG_normal.jpg	StockXcapital	Professor $SPX
2222635612	https://pbs.twimg.com/profile_images/1345195599180783621/bb6I-fAP_normal.jpg	BullTradeFinder	Gnotz (Bull)
1345842729830461442	https://pbs.twimg.com/profile_images/1589109938449694723/hH25q4ts_normal.jpg	RedHotTrade	🔥Red Hot Trade🔥
1587281330555228166	https://pbs.twimg.com/profile_images/1587282953415327744/Zn2oxd-b_normal.jpg	Nft1Cox	Pamela Cox ( NFT )
1580899832599920640	https://pbs.twimg.com/profile_images/1580900235466907648/UiL1zUsY_normal.jpg	returntriangle	Return Triangle Bot
1261088931103141888	https://pbs.twimg.com/profile_images/1521644447288627200/M9S1onXr_normal.jpg	Daniel44215763	David Sandborn
1538705543253987329	https://abs.twimg.com/sticky/default_profile_images/default_profile_normal.png	Ruseel3211	Ruseel321
1570106924716421121	https://pbs.twimg.com/profile_images/1599622466292183040/tErepZ8r_normal.jpg	Rose30963993	Tabitha Ryan
1579680045421019150	https://pbs.twimg.com/profile_images/1579720320155586564/-ZHe9gxR_normal.jpg	MrBrotheli	Leonard MK Brotheli
1599496786401443840	https://pbs.twimg.com/profile_images/1599498242538049537/-vg4cy_x_normal.jpg	weenie83400	weenie
1530044384091074561	https://pbs.twimg.com/profile_images/1530044478379003905/JUTGSfgp_normal.jpg	Estelle65220610	Estelle Meyer
1261864793981452288	https://pbs.twimg.com/profile_images/1269476404388913152/xihMMnDb_normal.jpg	Veuepoint	Veuepoint
2931789174	https://pbs.twimg.com/profile_images/544713954602123264/YneVMTIG_normal.jpeg	Jianbin_JB	Jianbin Wang
1332192259966599171	https://pbs.twimg.com/profile_images/1332192329805950981/YBjMpySb_normal.jpg	BeekenConsumer	Beeken Consumer
1555401244067643392	https://pbs.twimg.com/profile_images/1599066873957842946/gylpXfG6_normal.jpg	ABHIJIT82428685	SUN
1574492179799605249	https://pbs.twimg.com/profile_images/1574492398859829267/o-n7Gida_normal.jpg	jjzodkeng32653	jjzodkeng32653
1599401784593694723	https://pbs.twimg.com/profile_images/1599402454721839109/u_ftMSX5_normal.jpg	RonaldBevan2	Ronald Bevan
1599040261899931648	https://pbs.twimg.com/profile_images/1599040398038540289/93CqG1r-_normal.jpg	nxffsokni47568	nxffsokni47568
1599038631926177792	https://pbs.twimg.com/profile_images/1599038765019824134/KdUP7Vps_normal.jpg	zjpiyxynf08667	zjpiyxynf08667
1529101091782414337	https://pbs.twimg.com/profile_images/1529101207473893377/isMFCusk_normal.jpg	Beverly97739735	Beverly Marsh
1550842229467451392	https://pbs.twimg.com/profile_images/1593144490981675010/0xVYhLB5_normal.jpg	stockqueen8145	stockqueen
1599032976926539779	https://pbs.twimg.com/profile_images/1599033095805542401/Wx8-M-ZK_normal.jpg	lgqpafrdw28946	lgqpafrdw28946
1599032760802443264	https://pbs.twimg.com/profile_images/1599032869787140096/Jz8BfUWL_normal.jpg	pwwdhljvc99004	pwwdhljvc99004
1599031194296926209	https://pbs.twimg.com/profile_images/1599031317252931584/UyVhq5ok_normal.jpg	dukhyfeku69066	dukhyfeku69066
1599401990886490113	https://pbs.twimg.com/profile_images/1599402478956445696/tKmix2jx_normal.jpg	adlfppbma96781	adlfppbma96781
1477741049451663364	https://pbs.twimg.com/profile_images/1562888245532557312/mYO8s9wq_normal.jpg	Dominic42422840	Dominic Murphy
1489879292796628994	https://pbs.twimg.com/profile_images/1571811226614923266/lEPHNnqz_normal.jpg	Harry81835773	Mr. Trader
1439240340821536773	https://pbs.twimg.com/profile_images/1580813065691373568/TsPKHjyt_normal.jpg	DB_Daytrades	DB Daytrades
1582109720948637710	https://pbs.twimg.com/profile_images/1582113642367131650/DHgDR3iK_normal.jpg	dratindexoption	dratindexoptions
1579141241266225154	https://pbs.twimg.com/profile_images/1582708981910446080/PCXRSD2b_normal.jpg	dratstocks	DratStocks
1438259024521166848	https://pbs.twimg.com/profile_images/1438259943434502147/R6CIXTBR_normal.jpg	DratSmartTrader	Smart Trader
1274459006522855425	https://pbs.twimg.com/profile_images/1315930344269516800/SlLyvJUi_normal.jpg	DraTalerts	DRATalerts
2300626969	https://pbs.twimg.com/profile_images/1486904408474542081/04bhRVdE_normal.jpg	Gl6nGlen	BotBOTbotALLdayLongBotBotBot til the break o dawn
4869785123	https://pbs.twimg.com/profile_images/1584704946825469952/vMwuvyzy_normal.jpg	almudhaf_YA	Yousef Al-Mudhaf
1488699517914345474	https://pbs.twimg.com/profile_images/1567950545889161219/Gk_DL3GK_normal.png	StockIlluminat1	Stock Illuminati
1268151188018671618	https://pbs.twimg.com/profile_images/1268151414079000576/LUk2ZFT0_normal.jpg	FallVIIRiseVIII	Mark Campbell
1256092044235325442	https://pbs.twimg.com/profile_images/1446002565506797570/c_BbC9Yq_normal.jpg	convl0	CV
1200165644953481217	https://pbs.twimg.com/profile_images/1520603179204837376/uj2jf-ey_normal.jpg	tesla_fan_gal	Bri C
908362493449383936	https://pbs.twimg.com/profile_images/1456011939055046656/CLVU-4Kp_normal.jpg	devilmaskrascal	devilmaskrascal
1200854060439654400	https://pbs.twimg.com/profile_images/1307039935388581890/OM5c1Siy_normal.jpg	lazyjones7	lazyjones 🥩🥩+🍗
1225049321340653568	https://pbs.twimg.com/profile_images/1486149401626263553/IoUWRkEl_normal.jpg	memphield	Ahmed Ali
25793118	https://pbs.twimg.com/profile_images/378800000572455931/fe62c3321dc6af7f1e784f3daea31e04_normal.jpeg	RodneyRamsey	Rodney Ramsey
3239515429	https://pbs.twimg.com/profile_images/1547023863577546753/gy6BU9bg_normal.jpg	ABTradess	AB
220322806	https://pbs.twimg.com/profile_images/677842444570890240/70AWgtYy_normal.png	vtnicholas	Nicholas
1319379402069839873	https://pbs.twimg.com/profile_images/1319379873367003152/0jQ6SF7D_normal.jpg	ElfKin_7	Mr. H
1285104865	https://pbs.twimg.com/profile_images/1570443831505555456/P9t-F6bt_normal.jpg	stenderstender	Adopted A Dog and a Tesla.
1561354814440607744	https://pbs.twimg.com/profile_images/1599629230304030720/jSdpOP7C_normal.jpg	AngelaW01562545	Mis. Pink
22784568	https://pbs.twimg.com/profile_images/251615995/images_normal.jpg	CaptnPlanet	CaptnPlanet
1052387943761887233	https://pbs.twimg.com/profile_images/1571025182667702275/-O19he84_normal.jpg	aliiiiiiiiiii94	Bohan 柏汉
57487417	https://pbs.twimg.com/profile_images/1543321138251571204/Or3l5u25_normal.jpg	MathiasIrons	Matt
1130931133821014016	https://pbs.twimg.com/profile_images/1130937748573941760/8Atek7y8_normal.jpg	RicochetRowdy	Ricochet Rowdy (Blue Checkmark)
880890156697477120	https://abs.twimg.com/sticky/default_profile_images/default_profile_normal.png	atul_ghoshal	Atul Ghoshal
1567199579594170368	https://pbs.twimg.com/profile_images/1595602726267678722/j8tP6qwN_normal.jpg	fowlerlainey02	M.TRADERS
1527485372086689793	https://pbs.twimg.com/profile_images/1527485448955736066/h2zYNh3L_normal.jpg	LynneWe57556143	Lynne Wells
1300981864392544256	https://pbs.twimg.com/profile_images/1594241223690272777/nNrpF1Uo_normal.jpg	Gitano99808444	INVERSOR ARGENTINO
1597069026773307392	https://abs.twimg.com/sticky/default_profile_images/default_profile_normal.png	Pollard30192850	Pollard
1506101444700647424	https://pbs.twimg.com/profile_images/1506102655642312704/wnHfupGM_normal.jpg	timothyhliu5	Timothy Liu
1473391955035885568	https://pbs.twimg.com/profile_images/1473392099974283267/6wqXGtLL_normal.jpg	Keanu5004	Keanu
1577300138816671746	https://pbs.twimg.com/profile_images/1577300319431790593/IRwe5KQY_normal.jpg	pxslmdzyz23459	pxslmdzyz23459
1577287104635310082	https://pbs.twimg.com/profile_images/1577287219735396361/ljm4ooFD_normal.jpg	budxhnloa36064	budxhnloa36064
1538896347138363392	https://pbs.twimg.com/profile_images/1597263815002857472/AWpgRcoz_normal.jpg	MichaelStieven1	Stock Alart
1599078262340489221	https://pbs.twimg.com/profile_images/1599078941956141056/vn4FbgWT_normal.jpg	CarrieP35390103	Carrie Perez
948160204364849154	https://pbs.twimg.com/profile_images/948821668578844672/62iuONu4_normal.jpg	AbhipraGroup	Abhipra
1599446123558719491	https://pbs.twimg.com/profile_images/1599446250394423301/PCIDW238_normal.jpg	Iswari1485	Iswari
1599444582827278337	https://pbs.twimg.com/profile_images/1599444855071047682/zQP4d4xS_normal.jpg	Raymond9789	Raymond
1478035343228248067	https://pbs.twimg.com/profile_images/1595571933894017024/KB-bBLbZ_normal.jpg	alwaysdorothrry	Angels Fly© 🧜🏾
1551609328888586240	https://pbs.twimg.com/profile_images/1598717165607297026/IL2CcUst_normal.jpg	RoyquelB	stock market news📈📉
174020897	https://pbs.twimg.com/profile_images/1033474377411715073/q9g5V--g_normal.jpg	yaronhadad	Yaron Hadad
1544015228161196033	https://pbs.twimg.com/profile_images/1544255613605072896/bGImOOxc_normal.jpg	seeashon	seeashon
1405370122953531399	https://pbs.twimg.com/profile_images/1530008749393453065/uT9Sb6cE_normal.jpg	chamathsintern	why ッ
1572609223065993217	https://pbs.twimg.com/profile_images/1572609320965263361/sTIeK0LP_normal.jpg	Ajith5930	Ajith
1580341197494796289	https://pbs.twimg.com/profile_images/1580341353006915584/sbgQw5wu_normal.jpg	fwejbotsv79376	fwejbotsv79376
1529691211321462785	https://pbs.twimg.com/profile_images/1529691325150679041/XndD9aLo_normal.jpg	AgnesMa11538059	Agnes Matthews
60708321	https://pbs.twimg.com/profile_images/1354647762084765696/Tkj6DRUC_normal.jpg	iMuffinsx3	Mae Moofin
271443026	https://pbs.twimg.com/profile_images/1586429888726196229/EF1Ej42w_normal.jpg	BrettSimba	Brett Simba
1539492253328035840	https://pbs.twimg.com/profile_images/1597281737863667712/W7iU2gy5_normal.jpg	bmtraders07	Mr. Trader
3248010450	https://pbs.twimg.com/profile_images/1562944730811535360/JdQJkm6e_normal.jpg	beaker192	scistock
1573297971059253248	https://pbs.twimg.com/profile_images/1573450887791398912/2YN8v3Xd_normal.jpg	moneymaker_fx	FX AUTO ROBOT
1087068775189540864	https://pbs.twimg.com/profile_images/1396274037941280770/WXdUMuZW_normal.jpg	bio_econ	bio_econ
1557742262125469699	https://pbs.twimg.com/profile_images/1598719421886787590/Ro2Sszan_normal.jpg	topstock81453	topstock
1529690782583914496	https://pbs.twimg.com/profile_images/1529690931141951490/6E_efPJQ_normal.jpg	LynneBr10931386	Lynne Briggs
1352245898600972290	https://pbs.twimg.com/profile_images/1591007523775062017/t8oImsKr_normal.jpg	RaymondDAlfons2	Raymond D Alfonso
1599069202421149696	https://pbs.twimg.com/profile_images/1599070282219630592/CI6pv5Ff_normal.jpg	GregLit93979533	Greg Little
1565450283802558466	https://pbs.twimg.com/profile_images/1578985697607929856/bW5U18uK_normal.jpg	rajencorp	RaJen
2603182496	https://pbs.twimg.com/profile_images/1260288995323502598/9aAFR0pr_normal.jpg	tradeui	TradeUI ⚡️
1570740474851520518	https://pbs.twimg.com/profile_images/1595956568675450880/8agRniAb_normal.jpg	jardan29216781	Kade Sanders
1570742464197296134	https://pbs.twimg.com/profile_images/1586164866955431936/6LP9GaMl_normal.jpg	smith43398263	Richard Mitchell
963495628545327104	https://pbs.twimg.com/profile_images/1207114648836853760/dGgKpI0u_normal.png	StckPro	STCK.PRO
1498683559380664320	https://pbs.twimg.com/profile_images/1578707883273121797/55Kg9ICd_normal.jpg	spencer_traders	Spencer Traders Stock
1554360012314554368	https://pbs.twimg.com/profile_images/1594300271261519872/ma8YAOpT_normal.jpg	KellyZoe7	Mr. Peter
319436061	https://pbs.twimg.com/profile_images/1516074344484646913/Y6uvMzuv_normal.jpg	SenpaiTyy	Day Trader T 🍃
1599059727551729664	https://pbs.twimg.com/profile_images/1599060007391490048/_Y3K58jl_normal.jpg	BogerLilia	Lilia Boger
1567866395026948096	https://pbs.twimg.com/profile_images/1599269171400826880/sNUnj4mC_normal.jpg	Jara17085737	Owen Newman
1574495779187822592	https://pbs.twimg.com/profile_images/1574495910687653915/nMRFn8sD_normal.jpg	nszbbifiw70585	nszbbifiw70585
1332189683082674177	https://pbs.twimg.com/profile_images/1332189760132055040/x0dGPU_H_normal.jpg	Beeken_health	Beeken Healthcare
993587886678298624	https://pbs.twimg.com/profile_images/1579835310480838656/6w8ygmWp_normal.jpg	tweetEmotion1	Patrick - NFT Promotion
1570757562794135565	https://pbs.twimg.com/profile_images/1596307124677533697/SE1zxLfM_normal.jpg	juthka1	Eric Wilson
2238235556	https://pbs.twimg.com/profile_images/1599308254328356866/JOTD3Jie_normal.jpg	TheMAKtrading	MAK trading
1599063479398600704	https://pbs.twimg.com/profile_images/1599064519040733184/NqVFO206_normal.jpg	MintonRoderick	Roderick Minton
1404552705721475078	https://pbs.twimg.com/profile_images/1475461122861977602/MSCoEPI8_normal.jpg	optionsful	Optionsful
1574766353541918720	https://pbs.twimg.com/profile_images/1574773444641959936/fdMowL48_normal.jpg	TANSEN22212361	T. SEN
1373606777045065730	https://pbs.twimg.com/profile_images/1373608209668263936/0ECgwl6I_normal.jpg	InvestVictory	Victory Invest Group
1568653590079610880	https://pbs.twimg.com/profile_images/1599045677392216064/WuK2mAz4_normal.jpg	QuackCollection	Los Quacks 🏴‍☠️
1574545407551893504	https://pbs.twimg.com/profile_images/1576782744163581952/qognptWg_normal.jpg	vqbinqvfk88821	vqbinqvfk88821
1534373126083121153	https://pbs.twimg.com/profile_images/1574230501321314304/jjcv448L_normal.jpg	GME_VORTEX	GME_VORTEX
1574542830697173007	https://pbs.twimg.com/profile_images/1576782741072498689/pcflfNP5_normal.jpg	hafixuvvj25226	hafixuvvj25226
282562782	https://pbs.twimg.com/profile_images/689503011568222208/DT5qTMmx_normal.jpg	MATHnBASKETBALL	Coach Tim
1180647291142565888	https://pbs.twimg.com/profile_images/1395200352635396099/oBtvylAi_normal.jpg	3quartersTime	Time&3Quarters
1574825597930541056	https://pbs.twimg.com/profile_images/1576782761310015490/TVjiKmvP_normal.jpg	edjmykuro62246	edjmykuro62246
1599027070998396930	https://pbs.twimg.com/profile_images/1599027210186366976/MnLfmyHk_normal.jpg	tsbeajlbn11917	tsbeajlbn11917
1599050478700187648	https://pbs.twimg.com/profile_images/1599050593196179458/OK7N96kM_normal.jpg	vnyvlancs78510	vnyvlancs78510
1599048031306977280	https://pbs.twimg.com/profile_images/1599048158868344832/r18exbU1_normal.jpg	twaxqswvb62551	twaxqswvb62551
1599042991200636928	https://pbs.twimg.com/profile_images/1599043122092195840/y6l1qs5c_normal.jpg	emelfnovk86974	emelfnovk86974
1599040835013730304	https://pbs.twimg.com/profile_images/1599040963434905601/NsshzkM5_normal.jpg	uezhjbqrl54700	uezhjbqrl54700
1599040306149826560	https://pbs.twimg.com/profile_images/1599040443966185472/3NQRoFZ1_normal.jpg	xhvbubsch92607	xhvbubsch92607
1599039793505116160	https://pbs.twimg.com/profile_images/1599039940494561282/G-fz8mby_normal.jpg	hvmvinzoo25621	hvmvinzoo25621
774126571204456448	https://pbs.twimg.com/profile_images/1173816481244577792/_QkFBqiY_normal.jpg	gmeLtd	GME
1401149036472770562	https://pbs.twimg.com/profile_images/1596231152880308225/BI_hjXaC_normal.jpg	diamondape69	🏴‍☠️Diamondape69 🏴‍☠️
1332107687644049414	https://pbs.twimg.com/profile_images/1589814459995930624/7kdqS2hE_normal.jpg	MetaGuyMarduk	MARDÜK the META® Guy😎
1495966130397229059	https://pbs.twimg.com/profile_images/1596697850397835264/mazWK_Ou_normal.jpg	Smith70TorinoGT	Brian Smith
4204304705	https://pbs.twimg.com/profile_images/666346729147617281/rVLhv6oj_normal.jpg	justinkeister5	Justin Keister MS DABR
1529125118051594240	https://pbs.twimg.com/profile_images/1576296944800043008/yvdY7zuE_normal.jpg	Apestronautt	Apestronaut
1557230581343473664	https://pbs.twimg.com/profile_images/1599052494877122560/kDfKiNV4_normal.jpg	FloydSh05729151	Ludivina Luther
1594020816651538433	https://pbs.twimg.com/profile_images/1596722738198204417/DzfcFbPM_normal.jpg	deeznutz1967909	DeeZ NutZ
603283442	https://pbs.twimg.com/profile_images/1294517190956388352/_FBFZn75_normal.jpg	PhetI727	Phet Inthasanh
1037941216153948160	https://pbs.twimg.com/profile_images/1197386664949121025/XfB3OJ5u_normal.jpg	MaritimeManual	MaritimeManual
1543034163795836928	https://abs.twimg.com/sticky/default_profile_images/default_profile_normal.png	StoweCrowe	StoweCrowe
1598894200531001344	https://pbs.twimg.com/profile_images/1598894918545481729/Nvy4cgxB_normal.jpg	Dot_Connecter	DotConnecter
23025079	https://pbs.twimg.com/profile_images/1583806730470924288/FM2cEJAx_normal.jpg	cspratt15139	Charles
1387970750758391808	https://pbs.twimg.com/profile_images/1597490386271879170/5Atj3Yvc_normal.jpg	theobewhoturnz	turntmanjimi.loopring.eth
1445138527700885504	https://pbs.twimg.com/profile_images/1594367770111647745/nlv9Uxia_normal.jpg	BvsedDegenerate	BASED DEGEN🍿
1409366034	https://pbs.twimg.com/profile_images/1593787667199795200/nv_hhrdb_normal.jpg	ephys12	🏴‍☠️ elchidro.eth 🏴‍☠️
1228777504443420672	https://pbs.twimg.com/profile_images/1592919317850603520/8BELcU1S_normal.jpg	bara_sonny	Sonny Bara
1141021040581042177	https://pbs.twimg.com/profile_images/1599101984241422336/Vdnc-wSf_normal.jpg	AMCcheerleader	💎AMC♥️Cheerleader🦍🚀
1529136261176254469	https://pbs.twimg.com/profile_images/1529136403363180544/0sT3QgGX_normal.jpg	Tabitha65532136	Tabitha Ryan
1590499141192323072	https://pbs.twimg.com/profile_images/1592207380665708544/GiHu2Gpz_normal.jpg	SUSPENDEDPOS	SUSPENDED HUNTER POS
1202949228021964807	https://abs.twimg.com/sticky/default_profile_images/default_profile_normal.png	AnkitSa65293690	Ankit Saxena
1450172464676302849	https://pbs.twimg.com/profile_images/1591787915012886528/2D4iwVOv_normal.jpg	CryptoChatRoom1	Crypto Chat Room
1070934734	https://pbs.twimg.com/profile_images/1599326147938066432/umSYwhLB_normal.jpg	sushiWithYushi	yushi
1285214746208284680	https://pbs.twimg.com/profile_images/1599128387448176641/hA9L6le2_normal.jpg	yoshivi2	yoshivi
19575960	https://pbs.twimg.com/profile_images/1457730301669560326/BqN7DlMv_normal.jpg	Twizlerking	TwizlerKing.eth
1214957598073589760	https://pbs.twimg.com/profile_images/1225472687423836161/GPYuWvIj_normal.jpg	topstonks	topstonks
866143308	https://pbs.twimg.com/profile_images/1490147469765668865/aTzDKPXI_normal.jpg	StableShotPRO	DUA LIPA
1522260457930768386	https://pbs.twimg.com/profile_images/1522905259705872384/PEC-_B2x_normal.jpg	SpicyCubanGirl	Marisol 🌊💙🌊
923760394547507200	https://pbs.twimg.com/profile_images/1400010125469896704/AiY4OrQ4_normal.jpg	IamSakib555	Sakib Srkian
1344372528970653696	https://pbs.twimg.com/profile_images/1489719891548585987/4U6NBjoC_normal.jpg	dcopelandjr45	Darrell Copeland, Jr.
1504665998863089664	https://pbs.twimg.com/profile_images/1596371157346930688/Y17NqMXR_normal.jpg	CerealKillerWoj	Rhuler Dick Woj
1416672436968255492	https://pbs.twimg.com/profile_images/1599608205759238144/GQGrvNZi_normal.jpg	kia_cln	kia
1310919092161871874	https://pbs.twimg.com/profile_images/1595440197226926080/qOIKmKww_normal.jpg	Caralux__	👑Fadekemi_Adetoba
1540160843458936834	https://pbs.twimg.com/profile_images/1599622926835359744/FFZigDx__normal.jpg	ghostlysapphic	Tracy🫀
1512924527973478401	https://pbs.twimg.com/profile_images/1597202918221918209/qAp7_8G2_normal.jpg	weakheros	jemima
1425236366691115008	https://pbs.twimg.com/profile_images/1575508682875469824/amy1rX5W_normal.jpg	TwabyDady	Mnyama 💫
904880168103055360	https://pbs.twimg.com/profile_images/1130389772495609856/5_a0xKyA_normal.jpg	Gauravgpt7088	Gaurav Gupta
902418273144209409	https://pbs.twimg.com/profile_images/1581532157327310848/I4ds__TX_normal.jpg	iiiCDiii20	IMPERIALISTIC Tribäł Chîêf of Tôxiçîty
921803374286090240	https://pbs.twimg.com/profile_images/1594538446881968131/FLleVONU_normal.jpg	balbirs1728	Balbir Singh
1451975265798823937	https://pbs.twimg.com/profile_images/1561636540991737857/RMKRqXfl_normal.jpg	T231866082	T2💜Loves🐯Tae {user THV IG 1st Anniv Coming Soon}
1363587555099222016	https://pbs.twimg.com/profile_images/1525033394648010753/Im-rtcbY_normal.jpg	heyyy_sadbijjez	Scarlett
1414923905282674701	https://pbs.twimg.com/profile_images/1597202344546308096/rD9J8Zkv_normal.jpg	kenoxbi	ala : open
1590682021030158337	https://pbs.twimg.com/profile_images/1599037045519056897/u9VcDhV8_normal.jpg	VintageKillian	🗼🇨🇭
1543462508	https://pbs.twimg.com/profile_images/1587660358935789568/8q6kHw-t_normal.jpg	Das_Mystikal	DasMystikal@Kolektiva.Social
1586048507881873409	https://pbs.twimg.com/profile_images/1586048618498236418/165lf6UX_normal.png	YousafS39713323	Yousaf Shah
1517108246036639744	https://pbs.twimg.com/profile_images/1598930682868158464/4l0uH5Er_normal.jpg	preiityc	sey
1526991181	https://pbs.twimg.com/profile_images/378800000009614633/2329b3ecc87181938518bd2a48ee513b_normal.jpeg	CAS_COMPUTERS	CAS COMPUTERS
292743708	https://pbs.twimg.com/profile_images/1576643825833066497/N0jX0mb2_normal.jpg	_AMIR7	Engineer AamiR 🅰️🅰️
1509105099045441536	https://pbs.twimg.com/profile_images/1599227730360356864/ZhqvkSFq_normal.jpg	din__79	النّور_
103157710	https://pbs.twimg.com/profile_images/1117285174/cslogo1_normal.gif	RickBackus	Rick Backus
1472054802	https://pbs.twimg.com/profile_images/1592145056718282752/5eMyM_mG_normal.jpg	mapengo_	Dj Shiti 💭
4310415317	https://pbs.twimg.com/profile_images/676178677374160897/CohxUVlD_normal.jpg	sk201512	Sergei Kostenko
1449375440288862216	https://pbs.twimg.com/profile_images/1591802969804181505/q6KOCsgn_normal.jpg	david_khanda	Baron Cohen Ke
261778015	https://pbs.twimg.com/profile_images/1599367429364547588/lZAiobak_normal.jpg	riteshjha_india	Ritesh Jha 👉🔔👈
1103010591801671681	https://pbs.twimg.com/profile_images/1599384295692709889/fjivFdaN_normal.jpg	Vickrum_26	Vikram Giri
35263119	https://pbs.twimg.com/profile_images/1596377594269560832/frFR2JId_normal.jpg	Piatti1	Jonah Piatti
87110494	https://pbs.twimg.com/profile_images/451878745897324544/dWoRIle4_normal.jpeg	QLDConservation	QLD Conservation
112371748	https://pbs.twimg.com/profile_images/1595609847654805506/S0uoLRzg_normal.jpg	VeronicaMira3	Mirae chan
1388389935913181185	https://pbs.twimg.com/profile_images/1598204626859601921/rPq3AFTP_normal.jpg	mb_jashu	𝗡𝗔𝗔𝗡 𝗗𝗛𝗔𝗔
157178499	https://pbs.twimg.com/profile_images/1056372627315408896/u1HoCa42_normal.jpg	cewgarcia	Craig Garcia 🌻🌻🌻
562424784	https://pbs.twimg.com/profile_images/1597530719542198274/JsINBHk__normal.jpg	keniemoh4real09	Keniemoh
888335677263421440	https://pbs.twimg.com/profile_images/1076536863811399680/erV5fKm9_normal.jpg	LesMcKeownsHIS	LesMcKeownandhisBCRS (fanpage)
1189887089460097025	https://pbs.twimg.com/profile_images/1587832481373454336/s-hlKSu-_normal.jpg	Richellani	Richëlla
65372223	https://pbs.twimg.com/profile_images/1592677091987832835/VInSad72_normal.jpg	HolyJose2391	HolyJose
1159137932	https://pbs.twimg.com/profile_images/1593024486580027393/23IiExVj_normal.jpg	Mokiplamo	Moki Plamo ☆plain-building scrub modeler☆
3075725587	https://pbs.twimg.com/profile_images/1419432576142426114/FijXpO6q_normal.jpg	KRobM	El Ambientalista Chapin
1412790924698996742	https://pbs.twimg.com/profile_images/1489812347321389061/9WCNuFLO_normal.jpg	Sitaram_Sharma_	Sitaram Sharma  𖤇◧◨◧◨◧◨◧◨◧◨𖤇➢ सीताराम™शर्मा²¹ᴷ
1436118878778650659	https://pbs.twimg.com/profile_images/1436118989311143959/y-b1JmGm_normal.png	PugslyT	Coco
809520339172675584	https://pbs.twimg.com/profile_images/1248761475650465792/pl-GN9bU_normal.jpg	IMDSTEV3	R.I.P. Dejour #MyBrothersKeeper 🤟🏾💙
1476486057290248195	https://pbs.twimg.com/profile_images/1585877348691636225/LHEg2VhR_normal.jpg	TeasingYouLol	Slutty Gamer
1355604149619077121	https://pbs.twimg.com/profile_images/1597066738948005890/Qx74vOCT_normal.jpg	Dr_D_Man	Dan_The_Man
1382929208314265602	https://pbs.twimg.com/profile_images/1597427312567681026/3cAmZQAj_normal.jpg	jsstynnamrta	𝙽𝚊's ||no fb i unfoll
1456975959643459591	https://pbs.twimg.com/profile_images/1501826809343602689/fDglxiAs_normal.jpg	Human4567832	Human
1263480269014786054	https://pbs.twimg.com/profile_images/1523780424450854912/IzAiFSba_normal.jpg	Brinnan14	The crocodile 🐊
568718794	https://pbs.twimg.com/profile_images/1558924842107392002/jYd6X8Lk_normal.jpg	Taymoneywhite	Tay🐾
1377347478	https://pbs.twimg.com/profile_images/743377337488551937/oT5Kth8D_normal.jpg	JoondalupPolice	Joondalup Police
1638626197	https://pbs.twimg.com/profile_images/1144107346928345088/e46ulb6r_normal.png	Imstillalive54	Dana M. Scruggs
992097280386887680	https://pbs.twimg.com/profile_images/992262846359601153/AevPC85B_normal.jpg	OneKumar_NFL	OneKumar NFL
1420504210999635972	https://pbs.twimg.com/profile_images/1598433122307444736/-eF2NAqg_normal.jpg	panttherez	è
821970315332960256	https://pbs.twimg.com/profile_images/1483386754728136705/EaU7QJwS_normal.jpg	OnnaYanaa	“🤎🫶🏼”
1271050567067086848	https://pbs.twimg.com/profile_images/1584123136336961539/WK7-YP3-_normal.jpg	Ideasjoseph22	Ideas Joseph
1418241517743837184	https://pbs.twimg.com/profile_images/1599236074894635008/_LFhcWrH_normal.jpg	sanctuafairy	fëya
1598940887714758656	https://pbs.twimg.com/profile_images/1598946565565161472/zmNv_-iC_normal.jpg	HershelPittman7	Hershel Pittman
1283986730874437632	https://pbs.twimg.com/profile_images/1283989731479638016/7yQOTD9j_normal.jpg	IntlUtica	Utica Intl Embassy
1599359123065171969	https://pbs.twimg.com/profile_images/1599359966342656000/eSd3rSqR_normal.jpg	yvansais	khan
1495596436200722435	https://pbs.twimg.com/profile_images/1527449533159989256/rYKsi_kP_normal.jpg	Samuel46330112	Samuel
1522247570453540864	https://pbs.twimg.com/profile_images/1567335584603213824/0AmSNOKM_normal.jpg	parengnek	chhhkmeow🐓
1420465871911374855	https://pbs.twimg.com/profile_images/1424608232518074370/u4av8VWP_normal.jpg	JTLwriting	Justin Louallen
1106038605733081089	https://pbs.twimg.com/profile_images/1582151756808699904/0WVznqNT_normal.jpg	sundaykissy	markie ♡
1440191808307302402	https://pbs.twimg.com/profile_images/1593629800131960835/OW0UuNcr_normal.jpg	itsashukhan	Aashiq
2560630342	https://pbs.twimg.com/profile_images/1597082263241498624/iFo55iJV_normal.jpg	Tanashiaaaa	ms. gworl
1594899258850906113	https://pbs.twimg.com/profile_images/1595218226232819715/3yzPnuyP_normal.jpg	MediaPolitics6	Media&Politics
453821405	https://pbs.twimg.com/profile_images/1737387310/logo_normal.png	esdotstudio	esDot
1598821541306896388	https://pbs.twimg.com/profile_images/1598821878382092288/gEidcJ2-_normal.jpg	ThomasC01331475	Thomas Cramer
1589772861291393024	https://pbs.twimg.com/profile_images/1589780194230837248/3DJgwsd1_normal.jpg	220611ode	simp for xh 💞
860611838001721345	https://pbs.twimg.com/profile_images/1542703229871570947/61wLPrhc_normal.jpg	kayinhiding	kay ➐
79780946	https://pbs.twimg.com/profile_images/1009077692828827650/cq80RuOP_normal.jpg	dominiccrosby	Dominic Crosby
781196262	https://pbs.twimg.com/profile_images/1569504728018751490/ifT9KYhi_normal.jpg	5Athletic	Gamechangers Elite Athlete Management
708099250467377152	https://pbs.twimg.com/profile_images/1504991892223963139/_IZjaHtn_normal.jpg	Charlesdegois1	Charles
1505163399738630148	https://pbs.twimg.com/profile_images/1574957751427649536/fZPQqxFx_normal.jpg	dominicgray15y	dominic gray
1395274163217072133	https://pbs.twimg.com/profile_images/1599400957372428288/6OQ7pk0F_normal.jpg	Goatcheeku_18	𝙍𝘿𝙆
1584224202307272704	https://pbs.twimg.com/profile_images/1595803612097093633/uz7lLmed_normal.jpg	Azmatullahuncle	Azmatullah
931482196065640448	https://pbs.twimg.com/profile_images/1485105639181496323/v6ybSqkV_normal.jpg	RccgRnt	RNT (REDEEMER'S NETWORK TELEVISION)
1044797358611955712	https://pbs.twimg.com/profile_images/1519028097063915520/jubV454R_normal.jpg	CeciliaEJohnson	Cecilia Sedai
1513009414957006852	https://pbs.twimg.com/profile_images/1599445078548054016/cUWdsufX_normal.jpg	Nandamurikings	Abhi NTR🔥🐯
1542028307910123520	https://pbs.twimg.com/profile_images/1599586797381484545/MFFpE4h3_normal.jpg	Khalif71398225	Khalif ⁱᴾⁱᵃⁿ ( Baray Bhaya )
1518620923267584000	https://pbs.twimg.com/profile_images/1518621228516487168/MvTBZwfy_normal.png	MartinMckinnis0	Martin Mckinniss
1578083889528061956	https://pbs.twimg.com/profile_images/1578084016615456772/yvG49Ik__normal.jpg	vnskgilrt74405	vnskgilrt74405
1558797816298078209	https://pbs.twimg.com/profile_images/1599374863608606720/wTqr5Pas_normal.jpg	bongbanggi	Noelle fb yh
3163060646	https://pbs.twimg.com/profile_images/1589583966390358016/bjxpQ3Ab_normal.jpg	elleros2002	Shelly Belle
1546504257729204224	https://pbs.twimg.com/profile_images/1546504317619736577/QsMEzFF4_normal.png	RinaKum43107302	Yash
1439381170949554176	https://pbs.twimg.com/profile_images/1514769785908699140/cSeKxWJH_normal.jpg	halfmeasures12	i spilled my nuggets!
1474706986914631683	https://pbs.twimg.com/profile_images/1598565635445100544/k1K2f7tl_normal.jpg	vasudarling65	vasu prabhas🏹salaar
454629914	https://pbs.twimg.com/profile_images/1565449249390600192/dYdSq4ee_normal.jpg	chapel_t	Tank SZN
207980108	https://pbs.twimg.com/profile_images/1587532551521853440/7wKlMRhD_normal.jpg	jimmy_capicola	✨✨✨Jimmy_Capicola™️✨✨✨
346406417	https://pbs.twimg.com/profile_images/1241926465270108160/bRqiEMON_normal.jpg	tv9gujarati	Tv9 Gujarati
1561905841468735488	https://pbs.twimg.com/profile_images/1599633131019309056/QjiAlbeC_normal.jpg	MistyPe33622916	Mr. Peter
3944099114	https://pbs.twimg.com/profile_images/1593030415861698562/rofnkRxG_normal.jpg	UTsterlingwatts	APE🚀TRIBUNE
1392301429876871173	https://pbs.twimg.com/profile_images/1596384270226194432/fjq7zz_e_normal.jpg	HASyvJrOrUs	Allen Syverson
82501774	https://pbs.twimg.com/profile_images/1557442242280767489/iGTOjVSf_normal.jpg	Tylerban	Tyler 💿
943979822945939456	https://pbs.twimg.com/profile_images/1263331031446257664/9cHa9fbq_normal.jpg	discordwell	Gain of Function
1445274586111614977	https://pbs.twimg.com/profile_images/1582194536297959425/BAx-NUug_normal.jpg	PAVAN_11119	PAVAN
2939745266	https://pbs.twimg.com/profile_images/1428778063421067267/c80yULU0_normal.jpg	sushilemedia	SUSHIL PANDEY
282050428	https://pbs.twimg.com/profile_images/1559435104136470531/8kjUrHZM_normal.jpg	kktotlani	I AM Modi Totlani Krishan🇮🇳
3638215945	https://pbs.twimg.com/profile_images/1597118246767194113/AeFHMHiK_normal.jpg	MirrorNow	Mirror Now
1437733853448134657	https://pbs.twimg.com/profile_images/1504336783256875008/_Wim8gtl_normal.jpg	mintgenieapp	MintGenie
284920800	https://pbs.twimg.com/profile_images/1559503521233264640/AYbgfEMf_normal.jpg	news18dotcom	News18.com
1429187852550774784	https://pbs.twimg.com/profile_images/1587538383286550537/O1CNhtC3_normal.jpg	gonzrr	Reynaldo Gonzalez
1445045242743476232	https://pbs.twimg.com/profile_images/1561249262096220160/Ps-TXtu3_normal.jpg	vernbledard	Vernbledard
134758540	https://pbs.twimg.com/profile_images/1559870809619189760/rYxcKbRW_normal.jpg	timesofindia	The Times Of India
1383129848097468430	https://pbs.twimg.com/profile_images/1583535921756078103/xWpCNTD7_normal.jpg	catswiththumbs5	catswiththumbs5
37034483	https://pbs.twimg.com/profile_images/1561248901117923328/To5m8vSP_normal.png	ndtv	NDTV
1267211401518596099	https://pbs.twimg.com/profile_images/1573434593834926081/QqEP_3V2_normal.jpg	HTFUKelly	AMC Manager Extraordinairé
39743812	https://pbs.twimg.com/profile_images/1285571205966073857/rE3KyZFW_normal.jpg	EconomicTimes	Economic Times
1441687215696859142	https://pbs.twimg.com/profile_images/1581183422105812992/iyjc7ifJ_normal.jpg	nachitorat	vaas montemeow 🐾
66386808	https://pbs.twimg.com/profile_images/1199160540355911680/YkM0Y165_normal.jpg	unclebuck2k	geoff buckle
355989081	https://pbs.twimg.com/profile_images/1497864299/ani_mic_logo_normal.jpg	ANI	ANI
1585255366912360449	https://pbs.twimg.com/profile_images/1585255474005516289/gHacpaxd_normal.jpg	keebleryll	Susie_KeeblerYlL
1586569710543437824	https://pbs.twimg.com/profile_images/1586570671546564609/prgsHz1j_normal.jpg	7Michael1776	Mike Edwards
1050663627663888385	https://pbs.twimg.com/profile_images/1562174084552835073/znrKSgfa_normal.jpg	chigozok	Assets Support
1393032610406969344	https://abs.twimg.com/sticky/default_profile_images/default_profile_normal.png	Lettuce16736547	Lettuce Man
1137073188	https://pbs.twimg.com/profile_images/1574411343641313282/XtJNnKwJ_normal.jpg	wiley207	Zak Wolf @ ANE 2023
1402307840572682242	https://pbs.twimg.com/profile_images/1563769133463785472/EXfaDLZU_normal.jpg	Getaway73566551	Get_away_from_me
1208012086753628160	https://pbs.twimg.com/profile_images/1388967837478252547/DYX2ewBV_normal.jpg	JamberxX	xJamberx
1443615618628980736	https://pbs.twimg.com/profile_images/1594899321098493952/OUHz1v2w_normal.jpg	TechTex21	SU Ray gone fishing. ✌️
103030489	https://pbs.twimg.com/profile_images/1170532324783452162/_hd8iHnj_normal.jpg	coolanupam	Anupam chandaliya
1427805524142305281	https://pbs.twimg.com/profile_images/1599208588521635842/WarFdBaA_normal.jpg	crypto10isball	Crypto Tennis Ball
1371617891632742401	https://pbs.twimg.com/profile_images/1591878428160139268/AU0zCFBq_normal.jpg	litterallyzane	zane 🎬
102057424	https://pbs.twimg.com/profile_images/1554350406830276608/kMDcZE8b_normal.jpg	onlyPammu	Praಮೋद 🇮🇳
332547895	https://pbs.twimg.com/profile_images/1593255847421181956/6hhFfEsh_normal.jpg	allengator1993	Allen🐊
1485135514709733376	https://pbs.twimg.com/profile_images/1553842591019552769/pE5SKYti_normal.jpg	slickersuit	Arly.
2381524448	https://abs.twimg.com/sticky/default_profile_images/default_profile_normal.png	deecii24	diana
68537333	https://pbs.twimg.com/profile_images/1588371303722991616/eodN27aA_normal.jpg	BAMinvestor	BAM Investor
1546882826557071360	https://pbs.twimg.com/profile_images/1553556555097849856/7OhCCvXn_normal.jpg	BeldenCheryl	Cheryl Belden
1584515664416579584	https://pbs.twimg.com/profile_images/1584532655361622016/bTYt1D2Y_normal.jpg	SurviveTheRight	Survive the Right
82751881	https://pbs.twimg.com/profile_images/655266606013022208/qWFuAYKE_normal.png	UrkelMoeDee	the type of guy that says the pudding is delicious
1467991802116546569	https://pbs.twimg.com/profile_images/1599489879708254208/FfAhv7FL_normal.jpg	CuttillEric	𝐄𝐫𝐢𝐜 𝐂𝐮𝐭𝐭𝐢𝐥𝐥
12727842	https://pbs.twimg.com/profile_images/1592924212901076998/Sx8GcP7x_normal.jpg	John_Leonard	John Leonard
1599570812301885441	https://pbs.twimg.com/profile_images/1599571047090626560/2rW8IXLH_normal.jpg	WuchterlMichae1	Michael Wuchterl
4359793937	https://pbs.twimg.com/profile_images/697914362133143552/zEUVGPV1_normal.jpg	bigtime888888	🔋Biff Loman🔋
32129437	https://pbs.twimg.com/profile_images/1219689693907955713/MdCagAbt_normal.jpg	simpleniceness	Rick Franklin
2605475600	https://pbs.twimg.com/profile_images/1395541153554960384/nHYg5Vrw_normal.jpg	aquanautilusH2O	Aquanautilus
1597346937434513416	https://pbs.twimg.com/profile_images/1597351219483254788/uXJL00x7_normal.jpg	elegantferal61	Stranger Here Myself
166492200	https://pbs.twimg.com/profile_images/1175782248584400896/4pkCWvC-_normal.jpg	handsomeraaj	rajeshsapra
1495982431823753216	https://pbs.twimg.com/profile_images/1495982549419511809/pzJwQAbl_normal.png	gulati_gurjeet	Gurjeet Gulati
1050473390035951616	https://pbs.twimg.com/profile_images/1081963485259542528/EXBHeCU8_normal.jpg	ThatJasonB1	ThatJasonB
1487069834043088901	https://pbs.twimg.com/profile_images/1593061088769081344/21vDhjso_normal.jpg	AMC_MOON1	Nate
2379223818	https://pbs.twimg.com/profile_images/1595838835023237121/7PplZM3W_normal.jpg	cuteushakumari	Usha Sapra
1266187384552665090	https://pbs.twimg.com/profile_images/1413579427838152707/k8TXTSqB_normal.jpg	TradingBangers	Trading Bangers Daily
1198358599002554368	https://pbs.twimg.com/profile_images/1579477482209615873/O_VyZYFa_normal.jpg	sweaterangst	tranny cruise
1431843941301751818	https://pbs.twimg.com/profile_images/1431844361642430466/5djKbRmB_normal.jpg	BlackManBoating	BlackManBoating 🦍 🚀 $APE AMC 💎🙌🏽🦍🚀
1455371180936945670	https://pbs.twimg.com/profile_images/1577526453637455874/EscwVrFh_normal.jpg	SugaDad03369403	Lost in the market
1963614620	https://pbs.twimg.com/profile_images/1502055399373123621/9RVVbllT_normal.jpg	pchiu5174	Po Chiu
1073454101680148480	https://pbs.twimg.com/profile_images/1571735546862669826/EHyTSWor_normal.jpg	LindaJValdez1	Linda J. Valdez
761776401125105665	https://pbs.twimg.com/profile_images/1599434076414435331/wgT8QpEd_normal.jpg	gameProXL2023	gameProXL
1576421886321303552	https://pbs.twimg.com/profile_images/1576422115334443011/pIzCh_Ub_normal.jpg	SudhiraMantry	sudhira mantry
1275263857980616705	https://pbs.twimg.com/profile_images/1309941454668591104/WMu8IRIa_normal.jpg	Blackbiz2020	SoulBot
2680729040	https://pbs.twimg.com/profile_images/1393841767800311808/yvGLN021_normal.jpg	MortarPestleUSA	Mortar & Pestle
1578109223979913217	https://pbs.twimg.com/profile_images/1578109326501285911/884v_av6_normal.jpg	uqdsvunms96728	uqdsvunms96728
2360121187	https://pbs.twimg.com/profile_images/853068192511643648/_BjUjz6o_normal.jpg	FatKidDeals	Fat Kid Deals
318774557	https://pbs.twimg.com/profile_images/1045722966414123009/q4gXsMyz_normal.jpg	EarthDesires	Give the gift of reading this holiday season!
1126353570821963778	https://pbs.twimg.com/profile_images/1126353898489491456/CZ9A_gbu_normal.jpg	DnDDeals	DnDDeals
1578107735119433731	https://pbs.twimg.com/profile_images/1578107833543016449/xUF3EZ6F_normal.jpg	urdmghesp41173	urdmghesp41173
1545292379489697792	https://pbs.twimg.com/profile_images/1559424953359147008/3f_k4oZJ_normal.jpg	DiscoutDelight	DiscountDelight
1583342820202786816	https://pbs.twimg.com/profile_images/1583342970954448897/FeCMdOF-_normal.png	Dealslokalcom	DealsLokal
1564515791495643136	https://pbs.twimg.com/profile_images/1596511423399608321/erJmlmxG_normal.jpg	muqadas_talib	Amazing Amazon product
1576216286144729088	https://pbs.twimg.com/profile_images/1576216544643776512/DBNyCaYX_normal.jpg	Zakirawan708	Zakir Awan
1578031089628504069	https://pbs.twimg.com/profile_images/1578309878891749379/BwNnXNq3_normal.jpg	Dealsnow_india	Dealsnow
1586315038314594304	https://pbs.twimg.com/profile_images/1599399943797719042/gU-tAYit_normal.jpg	DiscountedDeal4	Deals Kart✨❣️
900617420938674176	https://pbs.twimg.com/profile_images/1217866008678957056/Vhvoy6tl_normal.jpg	DealsZoneIndia	Deals Zone
1598949684525125633	https://pbs.twimg.com/profile_images/1598950291122126849/w0IJXAwZ_normal.jpg	tecazon	Tecazon
1578097288529969153	https://pbs.twimg.com/profile_images/1578097401654648834/P7wR9DRA_normal.jpg	gyjygmokt68062	gyjygmokt68062
85741735	https://pbs.twimg.com/profile_images/900044287357747200/3y78dUZl_normal.jpg	AmazonHelp	Amazon Help
841850514849517569	https://pbs.twimg.com/profile_images/1460842058781175808/LfujhKHe_normal.jpg	HiroGallery	Hiro's gallery
2987359185	https://pbs.twimg.com/profile_images/1071108033210695680/AeCUgoAz_normal.jpg	MainChannel_	The Main Channel
1596450439989547008	https://pbs.twimg.com/profile_images/1596460332947763200/fqhlOrKo_normal.jpg	pekinkower	personal care and beauty
2923571768	https://pbs.twimg.com/profile_images/1559432731230351360/lIReudV9_normal.jpg	DealBeeOfficial	DealBee Deals
1526299413026525186	https://pbs.twimg.com/profile_images/1526910119572692992/qtBsp88a_normal.jpg	ft_nails	FTNails
1518761905061609473	https://pbs.twimg.com/profile_images/1596569183470456832/AYJWNVXb_normal.jpg	sma_zon	smazon
974948744281108480	https://pbs.twimg.com/profile_images/975024520166871040/n-QF3Ci3_normal.jpg	Deal_Leads_US	Deal Leads US 🇺🇸
1160955225462726656	https://pbs.twimg.com/profile_images/1176944764039716865/MrUI_DdI_normal.jpg	MoreBargain	C-Money sportcards
1577695321185865728	https://pbs.twimg.com/profile_images/1577695550245195783/ZSwigkGD_normal.png	ASMK74600481	ASMK
1570539850704769024	https://pbs.twimg.com/profile_images/1570540016182628352/bU5oYiWj_normal.jpg	ifartpoo	フォロバします！
1343103475928817665	https://pbs.twimg.com/profile_images/1569728392702095360/o8h7jz6C_normal.jpg	lootdealsoffer	Best | Loot Deals Offers | India🇮🇳
144883123	https://pbs.twimg.com/profile_images/1558521151558647811/oYxfn0fk_normal.jpg	AiMCollectibles	AiM Collectibles
1481953133593088005	https://pbs.twimg.com/profile_images/1481953251897585665/uLoDg3sl_normal.jpg	adealsweden	adealsweden
500459662	https://pbs.twimg.com/profile_images/1022890589279404033/3P8A00rJ_normal.jpg	MoGalore	Mo' Books from ContentMo - NOOK KOBO KINDLE BOOKS
777584195694583809	https://pbs.twimg.com/profile_images/777609415880867840/B-p_665W_normal.jpg	B_Ball_Stuff	Basketball Stuff
1175038277184700416	https://pbs.twimg.com/profile_images/1493237377661554689/afaQtASi_normal.jpg	sohagro10353240	Sohag Roy
1568544497730031617	https://pbs.twimg.com/profile_images/1568544663514107904/Z1gZcch1_normal.png	ambreenbibi8	Amber
1574079168962351110	https://pbs.twimg.com/profile_images/1577443596806098946/qmTSrr30_normal.jpg	NewToyFinder	Hottest Games & Toys
854681849079234561	https://pbs.twimg.com/profile_images/854690672347054081/7RKBvUne_normal.jpg	newliberallogic	Liberal Logic
1544723668122701830	https://pbs.twimg.com/profile_images/1544723726847057922/6u6P2Ld0_normal.png	jerry59fr	Boot lover
340272403	https://pbs.twimg.com/profile_images/1509944794239352833/UIJKhdP7_normal.jpg	CharityParkerso	Charity Parkerson
34092386	https://pbs.twimg.com/profile_images/1577050995766415361/FEryJovN_normal.jpg	GPWriter	GP
1574542168479485962	https://pbs.twimg.com/profile_images/1576782744373305344/J7rXAl6p_normal.jpg	xgzgvqzin49610	xgzgvqzin49610
1498009158574125065	https://pbs.twimg.com/profile_images/1565688641267048449/6e90oSOj_normal.jpg	markets_mt	Market Times™
1428338141220405259	https://pbs.twimg.com/profile_images/1569962757570584577/A_Gs2Lc7_normal.jpg	techprimitives	Sandy
1569197775556059137	https://pbs.twimg.com/profile_images/1576782540664459266/X3F7tV2Z_normal.jpg	Christi77972543	Christine Robinson
5975802	https://pbs.twimg.com/profile_images/1551434635611357184/8wbeCVL0_normal.jpg	bemmu	Bemmu
1373989584531505156	https://pbs.twimg.com/profile_images/1373990979984822273/bcsPWmmx_normal.jpg	btsavage	Ben Savage
732626527	https://pbs.twimg.com/profile_images/1487418230033551361/I5rYcW15_normal.jpg	anarkafkas	Anar Kafkas
1500725702253060096	https://pbs.twimg.com/profile_images/1598415710023258112/U5BESrwT_normal.jpg	InoMation_Cox	InoMation
1140122654655094784	https://pbs.twimg.com/profile_images/1140123096692731904/B9CGQ_Ru_normal.jpg	SpinquarkNews	Spinquark
1043686752	https://pbs.twimg.com/profile_images/1054968825983238145/uafeYTKp_normal.jpg	microsofttech	Microsoft Tech
229311774	https://pbs.twimg.com/profile_images/1053212919096258560/A9njnaPy_normal.jpg	Microsoft_SG	Microsoft Singapore
1576995146528444417	https://pbs.twimg.com/profile_images/1576995269471883264/yf8QgeIR_normal.jpg	hnyyokjbn48362	hnyyokjbn48362
21977463	https://pbs.twimg.com/profile_images/1102695480234979328/J-SKUHSD_normal.png	MicrosoftAU	Microsoft Australia
76488342	https://pbs.twimg.com/profile_images/875451260370993152/dchQTn8r_normal.jpg	MicrosoftNZ	Microsoft NZ
530804584	https://pbs.twimg.com/profile_images/1108605693005709312/_vKVcnf0_normal.jpg	skalptrader	scalptrader
1539543437686386689	https://pbs.twimg.com/profile_images/1578975074283327488/UMGNnBhV_normal.jpg	Henry85575761	Option Move
1466444441305059328	https://pbs.twimg.com/profile_images/1466444558535835648/edJnBAOn_normal.png	hodlization	Hodlz
1527861938713432064	https://pbs.twimg.com/profile_images/1527862038563024896/baS6jV4-_normal.jpg	OliviaR43542684	Olivia Ramos
902044744007737350	https://pbs.twimg.com/profile_images/1586413689267175430/V8oW42Jb_normal.jpg	pandabearchap	Tesla PermaBull Revolution 🦊♥❤♥🇺🇦🌎
1479167778603085829	https://pbs.twimg.com/profile_images/1493879494406557697/xqXinHbi_normal.jpg	fintwit_watch	Fintwit.Watch
515102223	https://pbs.twimg.com/profile_images/1598265409211404288/6_BbIyvw_normal.png	Andyverses	Gunner Andy
1020317476771463169	https://pbs.twimg.com/profile_images/1047430567468228608/SCLeHLaN_normal.jpg	Entertained_1	Entertained
1496242833157545987	https://pbs.twimg.com/profile_images/1496243082920038400/QKsAbqMC_normal.jpg	Chaos2Cured_Fin	Kirk Patrick Miller
1089978712685273090	https://pbs.twimg.com/profile_images/1089979474823790598/SBXMPXJt_normal.jpg	Stock_Market_Pr	Stock Market News
892630616927117312	https://pbs.twimg.com/profile_images/892656468087812096/Z9gRh2eW_normal.jpg	NVIDIAAP	NVIDIA Asia Pacific
1481316263188176900	https://pbs.twimg.com/profile_images/1519373402124996612/wpByb5yG_normal.jpg	eye_of_vecna_	Jack koziol
1574867998581526528	https://pbs.twimg.com/profile_images/1576782661992951809/BqG86trx_normal.jpg	snpztbkwt25604	snpztbkwt25604
1574876542617919501	https://pbs.twimg.com/profile_images/1576782670729809920/DeRtKuVF_normal.jpg	uochqhuxc36418	uochqhuxc36418
101134748	https://pbs.twimg.com/profile_images/1471176749656403972/oFP6ZrEC_normal.png	ALEXEIMARTOV	Martin Bradstreet
68746721	https://pbs.twimg.com/profile_images/1234692331263016960/7uR-nYW0_normal.jpg	fchollet	François Chollet
1065541211912634368	https://pbs.twimg.com/profile_images/1128845076782833665/J3YTENR7_normal.png	MonadicMultics	Rage Against The Monads
1361427824696045570	https://pbs.twimg.com/profile_images/1593471344632635392/L_wqCUKk_normal.jpg	davintrades	DavinTrades
1330006124041474048	https://pbs.twimg.com/profile_images/1599116520826748928/68xbrLBH_normal.jpg	ProfitMaker_X	💎🅿️rofit Ⓜ️aker💎
168910853	https://pbs.twimg.com/profile_images/1487146761500037120/xnE5AZUq_normal.jpg	darealbrabbit	B-Rabbit 🧢
1591251274825334784	https://pbs.twimg.com/profile_images/1591251681207255040/kjmpsv4h_normal.jpg	Raghubi80025665	Raghubir
1373850046068715523	https://pbs.twimg.com/profile_images/1599608963254796293/fS9a1ftm_normal.jpg	MicrotiaT	Microtia Trading 🇵🇸
1497320918288371712	https://pbs.twimg.com/profile_images/1594542349182554114/u3H2KHse_normal.jpg	geraldtradez	Gerald
1231328761695625218	https://pbs.twimg.com/profile_images/1231329592935374849/868DaUyq_normal.jpg	Newsycanuse1	Newsycanuse
1272001581311877120	https://pbs.twimg.com/profile_images/1485802596925263875/9r8lIr89_normal.jpg	CallMe100KsPage	KeepinIt💯Thou
1433269359745581058	https://pbs.twimg.com/profile_images/1539056252428378113/1ilcgBwR_normal.jpg	BLyons151	Brad Lyons
1529131600893874177	https://pbs.twimg.com/profile_images/1529131692497473537/uKm9c4xV_normal.jpg	Vanessa38204121	Vanessa Reynolds
\.


--
-- Name: sentiment sentiment_pkey; Type: CONSTRAINT; Schema: public;
--

ALTER TABLE ONLY public.sentiment
    ADD CONSTRAINT sentiment_pkey PRIMARY KEY (se_symbol, se_tweet_id);


--
-- Name: stock stock_pkey; Type: CONSTRAINT; Schema: public;
--

ALTER TABLE ONLY public.stock
    ADD CONSTRAINT stock_pkey PRIMARY KEY (s_symbol);


--
-- Name: tweet_information tweet_information_pkey; Type: CONSTRAINT; Schema: public;
--

ALTER TABLE ONLY public.tweet_information
    ADD CONSTRAINT tweet_information_pkey PRIMARY KEY (ti_tweet_id);


--
-- Name: twitter_user twitter_user_pkey; Type: CONSTRAINT; Schema: public;
--

ALTER TABLE ONLY public.twitter_user
    ADD CONSTRAINT twitter_user_pkey PRIMARY KEY (tu_user_id);


--
-- Name: sentiment sentiment_se_symbol_fkey; Type: FK CONSTRAINT; Schema: public;
--

ALTER TABLE ONLY public.sentiment
    ADD CONSTRAINT sentiment_se_symbol_fkey FOREIGN KEY (se_symbol) REFERENCES public.stock(s_symbol);


--
-- Name: sentiment sentiment_se_tweet_id_fkey; Type: FK CONSTRAINT; Schema: public;
--

ALTER TABLE ONLY public.sentiment
    ADD CONSTRAINT sentiment_se_tweet_id_fkey FOREIGN KEY (se_tweet_id) REFERENCES public.tweet_information(ti_tweet_id);


--
-- Name: tweet_information tweet_information_ti_user_id_fkey; Type: FK CONSTRAINT; Schema: public;
--

ALTER TABLE ONLY public.tweet_information
    ADD CONSTRAINT tweet_information_ti_user_id_fkey FOREIGN KEY (ti_user_id) REFERENCES public.twitter_user(tu_user_id);


--
-- PostgreSQL database dump complete
--

